,Neutral_OVP,Element_1 Relative Atomic Mass,Element_1 Atomic Number,Element_1 Period,Element_1 Group,Element_1 Ionization Potential,Element_1 Electronegativity,Element_1 Number of d electrons,Element_1 Atomic Radius,Element_2 Relative Atomic Mass,Element_2 Atomic Number,Element_2 Period,Element_2 Group,Element_2 Ionization Potential,Element_2 Electronegativity,Element_2 Number of d electrons,Element_2 Atomic Radius,Element_3 Relative Atomic Mass,Element_3 Atomic Number,Element_3 Period,Element_3 Group,Element_3 Ionization Potential,Element_3 Electronegativity,Element_3 Number of d electrons,Element_3 Atomic Radius,Element_4 Relative Atomic Mass,Element_4 Atomic Number,Element_4 Period,Element_4 Group,Element_4 Ionization Potential,Element_4 Electronegativity,Element_4 Number of d electrons,Element_4 Atomic Radius,Element_5 Relative Atomic Mass,Element_5 Atomic Number,Element_5 Period,Element_5 Group,Element_5 Ionization Potential,Element_5 Electronegativity,Element_5 Number of d electrons,Element_5 Atomic Radius,Element_6 Relative Atomic Mass,Element_6 Atomic Number,Element_6 Period,Element_6 Group,Element_6 Ionization Potential,Element_6 Electronegativity,Element_6 Number of d electrons,Element_6 Atomic Radius,Element_7 Relative Atomic Mass,Element_7 Atomic Number,Element_7 Period,Element_7 Group,Element_7 Ionization Potential,Element_7 Electronegativity,Element_7 Number of d electrons,Element_7 Atomic Radius,Element_8 Relative Atomic Mass,Element_8 Atomic Number,Element_8 Period,Element_8 Group,Element_8 Ionization Potential,Element_8 Electronegativity,Element_8 Number of d electrons,Element_8 Atomic Radius,Judge_Nanoparticles,Judge_3D,Judge_2D,Judge_1D,Judge_Urchin,Judge_SAC,Judge_QD,Judge_Hollow,Judge_Core_Shell,Judge_Template,Judge_alloy,Judge_Functionalized,Judge_heterostructures,Judge_Polymer_Complex_Chelate,Judge_Biomass_Slag,Judge_MOF,Judge_COF,Judge_Conductive_Polymer,Judge_Polymetal,Judge_Hydroxide_Oxyhydroxide,Judge_oxalate,Judge_Spinel,Judge_Perovskite,Judge_Pyrochlore,Judge_Prussian_Blue,Judge_Amorphous,Judge_Ultrasound,Judge_Plasma,Judge_Graphdiyne,Judge_Graphene,Judge_c3n4,Judge_MXene,Judge_CNT,Judge_IL,Judge_Organic_Inorganic,Judge_Steel,Judge_Carbon_Cloth,Judge_Film,Judge_Molten,Judge_Co_Precipitation,Judge_Electrospin,Judge_Hydrothermal,Judge_Microwave,Judge_Spray,Judge_Phys_Chem_Deposition,Judge_Light_Deposition,Judge_Electrochemical_Deposition,Judge_Electrochemical_Corrosion,Judge_Etching,Judge_Sol_Gel
0,45.0,10.811,5,2,13,8.33,2.04,0,98,12.0107,6,2,14,11.22,2.56,0,77,18.9984,9,2,17,18.6,3.98,0,73,95.94,42,5,6,7.35,2.16,5,139,32.065,16,3,16,10.31,2.58,0,127,0,0,0,0,0,0,0,0,0,0,0,0,0,0,0,0,0,0,0,0,0,0,0,0,1,0,0,1,0,0,0,0,0,0,0,0,1,0,0,0,0,0,0,0,0,0,0,0,0,0,0,0,0,1,0,0,0,0,0,0,0,0,0,0,0,0,0,0,0,0,0,0,0,0
1,36.0,16,8,2,16,13.56,3.44,0,48,30.9737,15,3,15,10.3,2.19,0,128,101.07,44,5,8,7.5,2.2,7,134,0,0,0,0,0,0,0,0,0,0,0,0,0,0,0,0,0,0,0,0,0,0,0,0,0,0,0,0,0,0,0,0,0,0,0,0,0,0,0,0,0,0,0,1,0,1,0,0,0,0,0,1,0,0,0,1,1,0,0,0,0,0,0,0,0,0,0,0,0,0,0,0,0,0,0,0,0,0,0,0,0,0,0,0,0,0,0,0,0,0
2,23.0,16,8,2,16,13.56,3.44,0,48,30.9737,15,3,15,10.3,2.19,0,128,195.084,78,6,10,8.9,2.28,9,139,102.905,45,5,9,7.7,2.28,8,134,0,0,0,0,0,0,0,0,0,0,0,0,0,0,0,0,0,0,0,0,0,0,0,0,0,0,0,0,0,0,0,0,1,0,0,1,1,0,0,0,0,0,1,0,0,0,0,0,0,0,0,0,0,0,0,0,0,0,0,0,0,0,0,0,0,0,0,0,0,0,0,0,0,1,0,0,0,0,0,0,0,0
3,159.0,12.0107,6,2,14,11.22,2.56,0,77,95.94,42,5,6,7.35,2.16,5,139,16,8,2,16,13.56,3.44,0,48,30.9737,15,3,15,10.3,2.19,0,128,0,0,0,0,0,0,0,0,0,0,0,0,0,0,0,0,0,0,0,0,0,0,0,0,0,0,0,0,0,0,0,0,0,0,0,0,0,0,0,0,0,0,0,0,0,0,0,0,0,0,1,0,0,0,0,0,0,0,0,0,0,0,0,0,0,0,0,0,0,0,0,0,0,0,0,0,1,0,0,0,0,0
4,120.0,58.933,27,4,9,7.81,1.88,7,125,58.6934,28,4,10,7.61,1.91,8,124,30.9737,15,3,15,10.3,2.19,0,128,0,0,0,0,0,0,0,0,0,0,0,0,0,0,0,0,0,0,0,0,0,0,0,0,0,0,0,0,0,0,0,0,0,0,0,0,0,0,0,0,0,1,1,1,0,0,0,0,0,0,0,0,0,0,0,0,0,0,0,0,0,0,0,0,0,0,0,0,0,0,0,0,0,0,0,0,0,0,0,0,0,0,0,0,0,0,0,0,0,0
5,15.0,12.0107,6,2,14,11.22,2.56,0,77,14.0067,7,2,15,14.48,3.04,0,92,30.9737,15,3,15,10.3,2.19,0,128,101.07,44,5,8,7.5,2.2,7,134,0,0,0,0,0,0,0,0,0,0,0,0,0,0,0,0,0,0,0,0,0,0,0,0,0,0,0,0,0,0,0,0,1,0,0,1,0,0,0,0,1,0,0,0,0,1,0,0,0,0,0,0,0,0,0,0,0,0,0,0,0,0,0,0,1,0,0,0,0,0,0,0,0,0,0,0,0,0,0,0,0,0
6,62.0,63.546,29,4,11,7.69,1.9,10,128,95.94,42,5,6,7.35,2.16,5,139,32.065,16,3,16,10.31,2.58,0,127,78.96,34,4,16,9.5,2.55,10,140,0,0,0,0,0,0,0,0,0,0,0,0,0,0,0,0,0,0,0,0,0,0,0,0,0,0,0,0,0,0,0,0,0,0,1,0,0,0,0,1,1,0,0,0,1,0,0,0,0,0,0,0,0,0,0,0,0,0,0,0,0,0,0,0,0,0,0,0,0,0,0,0,0,0,0,0,0,0,0,0,0,0
7,157.0,55.845,26,4,8,7.83,1.83,6,126,54.938,25,4,7,7.4,1.56,5,127,30.9737,15,3,15,10.3,2.19,0,128,0,0,0,0,0,0,0,0,0,0,0,0,0,0,0,0,0,0,0,0,0,0,0,0,0,0,0,0,0,0,0,0,0,0,0,0,0,0,0,0,0,0,0,1,0,0,0,1,0,0,0,0,1,0,0,0,0,0,0,0,0,0,0,0,0,0,0,0,0,0,0,0,0,0,0,0,0,0,0,0,0,0,0,0,0,0,0,0,0,0
8,18.0,12.0107,6,2,14,11.22,2.56,0,77,63.546,29,4,11,7.69,1.9,10,128,54.938,25,4,7,7.4,1.56,5,127,58.6934,28,4,10,7.61,1.91,8,124,101.07,44,5,8,7.5,2.2,7,134,0,0,0,0,0,0,0,0,0,0,0,0,0,0,0,0,0,0,0,0,0,0,0,0,1,0,0,1,0,0,1,0,0,0,0,0,1,0,0,0,0,0,0,0,0,0,0,0,0,0,0,0,0,0,0,0,0,0,0,0,0,0,0,0,0,0,0,0,0,0,0,0,0,0
9,131.0,55.845,26,4,8,7.83,1.83,6,126,30.9737,15,3,15,10.3,2.19,0,128,0,0,0,0,0,0,0,0,0,0,0,0,0,0,0,0,0,0,0,0,0,0,0,0,0,0,0,0,0,0,0,0,0,0,0,0,0,0,0,0,0,0,0,0,0,0,0,0,0,0,0,1,0,0,0,0,0,0,0,0,0,0,0,0,0,0,0,1,0,0,0,0,0,0,0,0,0,0,0,0,0,0,0,0,0,1,0,0,0,0,0,0,0,0,1,0,0,0
10,89.0,54.938,25,4,7,7.4,1.56,5,127,14.0067,7,2,15,14.48,3.04,0,92,58.6934,28,4,10,7.61,1.91,8,124,16,8,2,16,13.56,3.44,0,48,30.9737,15,3,15,10.3,2.19,0,128,0,0,0,0,0,0,0,0,0,0,0,0,0,0,0,0,0,0,0,0,0,0,0,0,0,1,0,1,0,1,0,1,0,1,1,0,0,0,0,0,0,0,0,0,0,0,0,0,0,0,0,0,0,0,0,0,0,0,0,0,0,0,0,0,0,0,0,0,0,0,0,0,0,0
11,123.0,12.0107,6,2,14,11.22,2.56,0,77,58.933,27,4,9,7.81,1.88,7,125,14.0067,7,2,15,14.48,3.04,0,92,58.6934,28,4,10,7.61,1.91,8,124,30.9737,15,3,15,10.3,2.19,0,128,0,0,0,0,0,0,0,0,0,0,0,0,0,0,0,0,0,0,0,0,0,0,0,0,0,0,1,1,0,0,0,1,0,0,0,0,1,0,0,0,0,0,0,1,0,0,0,0,0,0,0,0,0,0,0,0,0,0,0,0,0,0,0,0,0,0,0,0,0,0,0,0,0,0
12,71.1,58.933,27,4,9,7.81,1.88,7,125,55.845,26,4,8,7.83,1.83,6,126,30.9737,15,3,15,10.3,2.19,0,128,32.065,16,3,16,10.31,2.58,0,127,0,0,0,0,0,0,0,0,0,0,0,0,0,0,0,0,0,0,0,0,0,0,0,0,0,0,0,0,0,0,0,0,1,1,0,1,0,0,0,1,0,1,0,0,0,0,0,1,0,0,0,0,0,0,0,0,0,0,0,0,0,0,0,0,0,0,0,0,0,0,0,0,0,0,0,0,1,0,0,0,0,0
13,120.0,12.0107,6,2,14,11.22,2.56,0,77,58.933,27,4,9,7.81,1.88,7,125,63.546,29,4,11,7.69,1.9,10,128,30.9737,15,3,15,10.3,2.19,0,128,0,0,0,0,0,0,0,0,0,0,0,0,0,0,0,0,0,0,0,0,0,0,0,0,0,0,0,0,0,0,0,0,0,1,0,1,0,0,0,0,0,0,0,0,0,0,0,0,0,0,0,0,0,0,0,0,0,0,0,0,0,0,0,0,0,0,0,0,0,0,0,0,0,1,0,0,0,0,0,0,0,0
14,113.0,58.933,27,4,9,7.81,1.88,7,125,30.9737,15,3,15,10.3,2.19,0,128,0,0,0,0,0,0,0,0,0,0,0,0,0,0,0,0,0,0,0,0,0,0,0,0,0,0,0,0,0,0,0,0,0,0,0,0,0,0,0,0,0,0,0,0,0,0,0,0,0,0,0,0,0,0,0,1,0,0,0,0,0,0,0,0,0,0,0,0,0,0,0,0,0,0,0,0,0,0,0,0,0,0,0,0,0,0,0,0,0,0,0,0,0,0,0,0,0,0
15,440.0,12.0107,6,2,14,11.22,2.56,0,77,14.0067,7,2,15,14.48,3.04,0,92,30.9737,15,3,15,10.3,2.19,0,128,0,0,0,0,0,0,0,0,0,0,0,0,0,0,0,0,0,0,0,0,0,0,0,0,0,0,0,0,0,0,0,0,0,0,0,0,0,0,0,0,0,1,0,1,0,1,0,0,0,0,0,1,1,1,0,0,0,1,0,0,0,0,0,0,0,0,0,0,0,0,0,0,1,0,0,0,0,0,0,0,0,0,0,0,0,0,0,0,0,0
16,40.0,95.94,42,5,6,7.35,2.16,5,139,58.6934,28,4,10,7.61,1.91,8,124,0,0,0,0,0,0,0,0,0,0,0,0,0,0,0,0,0,0,0,0,0,0,0,0,0,0,0,0,0,0,0,0,0,0,0,0,0,0,0,0,0,0,0,0,0,0,0,0,0,0,0,1,0,0,0,0,0,0,0,0,0,0,0,0,0,0,0,0,0,0,0,0,0,0,0,0,0,0,0,0,0,0,0,0,0,0,0,0,0,0,0,0,0,0,0,0,0,0
17,87.0,55.845,26,4,8,7.83,1.83,6,126,58.6934,28,4,10,7.61,1.91,8,124,0,0,0,0,0,0,0,0,0,0,0,0,0,0,0,0,0,0,0,0,0,0,0,0,0,0,0,0,0,0,0,0,0,0,0,0,0,0,0,0,0,0,0,0,0,0,0,0,0,0,0,1,0,0,0,0,0,0,0,0,0,0,0,0,0,0,0,1,0,0,0,0,0,0,0,0,0,0,0,0,0,0,0,0,0,0,0,0,0,0,0,0,0,0,0,0,0,0
18,60.0,12.0107,6,2,14,11.22,2.56,0,77,58.933,27,4,9,7.81,1.88,7,125,101.07,44,5,8,7.5,2.2,7,134,0,0,0,0,0,0,0,0,0,0,0,0,0,0,0,0,0,0,0,0,0,0,0,0,0,0,0,0,0,0,0,0,0,0,0,0,0,0,0,0,1,0,0,1,0,0,0,0,1,0,1,0,1,0,0,1,1,0,0,0,0,0,0,0,0,0,0,0,0,0,0,0,0,0,0,0,0,0,0,0,0,0,0,0,1,0,0,0,0,0
19,98.0,12.0107,6,2,14,11.22,2.56,0,77,58.933,27,4,9,7.81,1.88,7,125,30.9737,15,3,15,10.3,2.19,0,128,50.942,23,4,5,6.76,1.63,3,134,0,0,0,0,0,0,0,0,0,0,0,0,0,0,0,0,0,0,0,0,0,0,0,0,0,0,0,0,0,0,0,0,0,1,0,1,0,0,0,1,0,0,0,0,1,0,0,0,0,0,0,0,0,0,0,0,0,0,0,0,0,0,0,0,0,0,0,0,1,0,0,0,0,0,0,0,0,0,0,0,0,0
20,70.5,55.845,26,4,8,7.83,1.83,6,126,30.9737,15,3,15,10.3,2.19,0,128,0,0,0,0,0,0,0,0,0,0,0,0,0,0,0,0,0,0,0,0,0,0,0,0,0,0,0,0,0,0,0,0,0,0,0,0,0,0,0,0,0,0,0,0,0,0,0,0,0,1,0,0,0,0,0,0,0,0,0,0,1,0,0,0,0,0,0,0,0,0,0,0,0,0,0,0,0,0,0,0,0,0,0,0,0,0,0,0,0,0,0,0,0,0,0,0,0,0
21,26.0,12.0107,6,2,14,11.22,2.56,0,77,14.0067,7,2,15,14.48,3.04,0,92,58.6934,28,4,10,7.61,1.91,8,124,102.905,45,5,9,7.7,2.28,8,134,0,0,0,0,0,0,0,0,0,0,0,0,0,0,0,0,0,0,0,0,0,0,0,0,0,0,0,0,0,0,0,0,1,0,0,1,0,0,0,0,1,0,0,0,0,0,0,0,0,0,0,0,0,0,0,0,0,0,0,0,0,0,0,0,1,0,0,0,0,0,0,0,0,0,0,0,0,0,0,0,0,0
22,54.0,10.811,5,2,13,8.33,2.04,0,98,58.6934,28,4,10,7.61,1.91,8,124,30.9737,15,3,15,10.3,2.19,0,128,0,0,0,0,0,0,0,0,0,0,0,0,0,0,0,0,0,0,0,0,0,0,0,0,0,0,0,0,0,0,0,0,0,0,0,0,0,0,0,0,0,0,0,0,0,0,0,0,0,0,0,0,0,0,0,0,0,0,0,0,0,0,0,0,0,0,0,0,0,0,0,0,0,0,0,0,0,1,0,0,0,0,0,0,0,0,0,0,0,0
23,102.0,55.845,26,4,8,7.83,1.83,6,126,16,8,2,16,13.56,3.44,0,48,30.9737,15,3,15,10.3,2.19,0,128,47.867,22,4,4,6.81,1.54,2,147,0,0,0,0,0,0,0,0,0,0,0,0,0,0,0,0,0,0,0,0,0,0,0,0,0,0,0,0,0,0,0,0,1,1,0,1,0,0,0,1,0,0,0,0,0,0,0,0,0,0,0,0,0,0,0,0,0,0,0,0,0,0,0,0,0,0,0,0,0,0,0,0,0,0,0,0,0,0,1,0,0,0
24,250.0,63.546,29,4,11,7.69,1.9,10,128,58.6934,28,4,10,7.61,1.91,8,124,30.9737,15,3,15,10.3,2.19,0,128,0,0,0,0,0,0,0,0,0,0,0,0,0,0,0,0,0,0,0,0,0,0,0,0,0,0,0,0,0,0,0,0,0,0,0,0,0,0,0,0,0,0,0,1,0,0,0,1,0,1,1,0,0,0,0,0,0,0,0,0,0,0,0,0,0,0,0,0,0,0,0,0,0,0,0,0,0,0,0,0,0,0,0,0,0,0,1,0,0,0
25,231.0,12.0107,6,2,14,11.22,2.56,0,77,58.933,27,4,9,7.81,1.88,7,125,30.9737,15,3,15,10.3,2.19,0,128,0,0,0,0,0,0,0,0,0,0,0,0,0,0,0,0,0,0,0,0,0,0,0,0,0,0,0,0,0,0,0,0,0,0,0,0,0,0,0,0,0,0,0,0,0,0,0,0,0,0,0,0,1,0,0,0,0,0,0,0,0,0,0,0,0,0,0,0,0,0,0,0,0,0,0,0,1,0,0,0,0,0,0,0,1,0,0,0,0,0
26,165.0,58.933,27,4,9,7.81,1.88,7,125,95.94,42,5,6,7.35,2.16,5,139,16,8,2,16,13.56,3.44,0,48,30.9737,15,3,15,10.3,2.19,0,128,0,0,0,0,0,0,0,0,0,0,0,0,0,0,0,0,0,0,0,0,0,0,0,0,0,0,0,0,0,0,0,0,1,0,0,1,0,0,0,0,0,0,0,0,1,0,0,0,0,0,0,0,0,0,0,0,0,0,0,0,0,0,0,0,0,0,0,0,0,0,0,0,0,0,0,0,0,0,0,0,0,0
27,78.0,55.845,26,4,8,7.83,1.83,6,126,32.065,16,3,16,10.31,2.58,0,127,0,0,0,0,0,0,0,0,0,0,0,0,0,0,0,0,0,0,0,0,0,0,0,0,0,0,0,0,0,0,0,0,0,0,0,0,0,0,0,0,0,0,0,0,0,0,0,0,0,1,0,1,0,0,0,1,0,0,0,0,0,0,0,0,0,0,0,0,0,0,0,0,0,0,0,0,0,0,0,0,0,0,0,0,0,0,0,0,0,0,0,0,0,0,0,0,1,0
28,337.0,12.0107,6,2,14,11.22,2.56,0,77,58.933,27,4,9,7.81,1.88,7,125,0,0,0,0,0,0,0,0,0,0,0,0,0,0,0,0,0,0,0,0,0,0,0,0,0,0,0,0,0,0,0,0,0,0,0,0,0,0,0,0,0,0,0,0,0,0,0,0,1,0,0,1,0,0,0,0,0,0,1,0,0,1,0,1,1,0,0,0,0,0,0,0,0,0,0,0,0,0,0,0,1,0,0,0,0,0,0,0,0,0,0,0,1,0,0,0,0,0
29,92.0,58.6934,28,4,10,7.61,1.91,8,124,58.933,27,4,9,7.81,1.88,7,125,30.9737,15,3,15,10.3,2.19,0,128,0,0,0,0,0,0,0,0,0,0,0,0,0,0,0,0,0,0,0,0,0,0,0,0,0,0,0,0,0,0,0,0,0,0,0,0,0,0,0,0,0,1,1,0,0,0,0,0,0,0,0,0,0,0,0,0,0,0,0,0,0,0,0,0,0,0,0,0,0,0,0,0,0,0,0,0,0,0,0,0,0,1,0,0,0,0,0,0,0,0
30,202.0,12.0107,6,2,14,11.22,2.56,0,77,58.933,27,4,9,7.81,1.88,7,125,55.845,26,4,8,7.83,1.83,6,126,0,0,0,0,0,0,0,0,0,0,0,0,0,0,0,0,0,0,0,0,0,0,0,0,0,0,0,0,0,0,0,0,0,0,0,0,0,0,0,0,1,0,0,1,0,0,0,0,1,0,1,0,0,0,0,0,0,0,0,0,0,0,0,0,0,0,0,0,0,0,0,0,1,0,0,0,0,0,0,0,0,0,0,0,1,0,0,0,0,0
31,83.0,192.217,77,6,9,9.1,2.2,7,136,183.84,74,6,6,7.98,2.36,4,141,16,8,2,16,13.56,3.44,0,48,0,0,0,0,0,0,0,0,0,0,0,0,0,0,0,0,0,0,0,0,0,0,0,0,0,0,0,0,0,0,0,0,0,0,0,0,0,0,0,0,0,0,0,1,0,0,0,0,0,0,0,0,0,0,0,0,0,0,0,0,0,0,0,0,0,0,0,0,0,0,0,0,0,0,0,0,0,0,0,0,0,0,0,0,0,0,0,0,0,0
32,66.0,12.0107,6,2,14,11.22,2.56,0,77,101.07,44,5,8,7.5,2.2,7,134,32.065,16,3,16,10.31,2.58,0,127,0,0,0,0,0,0,0,0,0,0,0,0,0,0,0,0,0,0,0,0,0,0,0,0,0,0,0,0,0,0,0,0,0,0,0,0,0,0,0,0,0,0,0,0,0,0,0,0,0,0,0,0,0,0,0,0,0,0,0,0,0,0,0,0,0,0,0,0,0,0,0,0,0,0,0,0,0,0,0,0,0,1,0,0,0,0,0,0,0,0
33,66.0,12.0107,6,2,14,11.22,2.56,0,77,72.64,32,4,14,7.85,2.01,10,122.5,192.217,77,6,9,9.1,2.2,7,136,106.42,46,5,10,8.3,2.2,10,137,195.084,78,6,10,8.9,2.28,9,139,102.905,45,5,9,7.7,2.28,8,134,101.07,44,5,8,7.5,2.2,7,134,28.0855,14,3,14,8.12,1.9,0,132,0,1,0,1,0,0,0,0,0,0,1,0,0,0,0,0,0,0,0,0,0,0,0,0,0,0,0,0,0,0,0,0,0,0,0,0,0,0,1,0,0,0,0,0,0,0,0,0,0,0
34,74.0,12.0107,6,2,14,11.22,2.56,0,77,58.933,27,4,9,7.81,1.88,7,125,14.0067,7,2,15,14.48,3.04,0,92,30.9737,15,3,15,10.3,2.19,0,128,0,0,0,0,0,0,0,0,0,0,0,0,0,0,0,0,0,0,0,0,0,0,0,0,0,0,0,0,0,0,0,0,0,0,0,0,1,0,0,0,0,0,0,0,0,0,0,0,0,0,0,0,0,0,0,0,0,0,0,0,0,0,0,0,0,0,0,0,1,0,0,0,0,0,0,0,0,0,0,0,0,0
35,94.0,58.933,27,4,9,7.81,1.88,7,125,58.6934,28,4,10,7.61,1.91,8,124,16,8,2,16,13.56,3.44,0,48,30.9737,15,3,15,10.3,2.19,0,128,0,0,0,0,0,0,0,0,0,0,0,0,0,0,0,0,0,0,0,0,0,0,0,0,0,0,0,0,0,0,0,0,1,0,0,0,0,0,0,0,0,0,0,0,1,0,0,0,0,0,0,0,0,0,0,0,0,0,0,0,0,0,0,0,1,0,0,0,0,0,0,0,0,0,0,0,0,0,0,0,0,0
36,106.0,12.0107,6,2,14,11.22,2.56,0,77,58.933,27,4,9,7.81,1.88,7,125,14.0067,7,2,15,14.48,3.04,0,92,58.6934,28,4,10,7.61,1.91,8,124,30.9737,15,3,15,10.3,2.19,0,128,0,0,0,0,0,0,0,0,0,0,0,0,0,0,0,0,0,0,0,0,0,0,0,0,0,0,0,0,0,0,0,1,0,0,0,0,0,0,0,0,0,0,0,0,0,0,0,0,0,0,0,0,0,0,0,0,0,1,0,0,0,0,0,0,0,0,0,0,0,0,0,0,0,0
37,164.0,12.0107,6,2,14,11.22,2.56,0,77,95.94,42,5,6,7.35,2.16,5,139,14.0067,7,2,15,14.48,3.04,0,92,16,8,2,16,13.56,3.44,0,48,0,0,0,0,0,0,0,0,0,0,0,0,0,0,0,0,0,0,0,0,0,0,0,0,0,0,0,0,0,0,0,0,0,0,0,1,0,0,0,0,0,0,0,0,1,1,0,0,0,0,0,0,0,0,0,0,0,0,0,0,0,0,0,0,0,0,0,0,0,0,0,0,0,0,0,0,0,0,0,0,0,0
38,22.0,12.0107,6,2,14,11.22,2.56,0,77,14.0067,7,2,15,14.48,3.04,0,92,32.065,16,3,16,10.31,2.58,0,127,192.217,77,6,9,9.1,2.2,7,136,0,0,0,0,0,0,0,0,0,0,0,0,0,0,0,0,0,0,0,0,0,0,0,0,0,0,0,0,0,0,0,0,1,0,0,0,0,0,0,0,0,0,0,0,0,0,0,0,0,0,0,0,0,0,0,0,0,0,0,0,0,1,0,0,0,0,0,0,0,0,0,0,0,0,0,0,1,0,0,0,0,0
39,145.0,12.0107,6,2,14,11.22,2.56,0,77,58.933,27,4,9,7.81,1.88,7,125,95.94,42,5,6,7.35,2.16,5,139,32.065,16,3,16,10.31,2.58,0,127,0,0,0,0,0,0,0,0,0,0,0,0,0,0,0,0,0,0,0,0,0,0,0,0,0,0,0,0,0,0,0,0,0,1,1,0,1,0,0,0,1,0,0,0,1,0,0,0,0,0,0,0,0,0,0,0,0,0,0,0,0,0,0,0,0,0,0,0,0,0,0,0,0,0,0,0,0,0,0,0,0,0
40,46.0,101.07,44,5,8,7.5,2.2,7,134,32.065,16,3,16,10.31,2.58,0,127,0,0,0,0,0,0,0,0,0,0,0,0,0,0,0,0,0,0,0,0,0,0,0,0,0,0,0,0,0,0,0,0,0,0,0,0,0,0,0,0,0,0,0,0,0,0,0,0,1,0,0,0,0,0,0,0,0,0,0,0,0,0,0,0,0,0,0,0,0,0,0,0,0,1,0,0,0,1,0,0,0,0,0,0,0,0,0,0,0,1,0,0,0,0,0,0,0,0
41,203.0,12.0107,6,2,14,11.22,2.56,0,77,58.933,27,4,9,7.81,1.88,7,125,58.6934,28,4,10,7.61,1.91,8,124,30.9737,15,3,15,10.3,2.19,0,128,0,0,0,0,0,0,0,0,0,0,0,0,0,0,0,0,0,0,0,0,0,0,0,0,0,0,0,0,0,0,0,0,1,1,0,1,0,0,0,0,0,0,0,1,1,0,0,1,0,0,0,0,0,0,0,0,0,0,0,0,0,0,0,0,1,0,0,0,0,0,0,0,0,0,0,0,1,0,0,0,0,0
42,103.0,58.6934,28,4,10,7.61,1.91,8,124,95.94,42,5,6,7.35,2.16,5,139,32.065,16,3,16,10.31,2.58,0,127,0,0,0,0,0,0,0,0,0,0,0,0,0,0,0,0,0,0,0,0,0,0,0,0,0,0,0,0,0,0,0,0,0,0,0,0,0,0,0,0,0,1,0,1,0,0,0,0,0,0,0,0,1,0,0,0,0,0,0,0,0,0,0,0,0,0,0,0,0,0,0,0,0,0,0,0,0,0,0,0,0,1,0,0,0,0,0,0,0,0
43,54.0,12.0107,6,2,14,11.22,2.56,0,77,190.23,76,6,8,8.7,2.2,6,135,30.9737,15,3,15,10.3,2.19,0,128,14.0067,7,2,15,14.48,3.04,0,92,0,0,0,0,0,0,0,0,0,0,0,0,0,0,0,0,0,0,0,0,0,0,0,0,0,0,0,0,0,0,0,0,1,0,0,0,0,0,0,1,0,1,0,0,0,0,0,0,0,0,0,0,0,0,0,0,0,0,0,0,0,0,0,0,0,0,0,0,0,1,0,0,0,0,0,0,0,0,0,0,0,0
44,294.0,12.0107,6,2,14,11.22,2.56,0,77,95.94,42,5,6,7.35,2.16,5,139,14.0067,7,2,15,14.48,3.04,0,92,30.9737,15,3,15,10.3,2.19,0,128,0,0,0,0,0,0,0,0,0,0,0,0,0,0,0,0,0,0,0,0,0,0,0,0,0,0,0,0,0,0,0,0,1,0,0,1,0,0,0,1,1,0,0,0,1,0,0,0,0,0,0,0,0,0,0,0,0,0,0,0,0,0,0,0,1,0,0,0,0,0,0,0,1,0,0,0,0,0,0,0,0,0
45,386.0,12.0107,6,2,14,11.22,2.56,0,77,58.933,27,4,9,7.81,1.88,7,125,55.845,26,4,8,7.83,1.83,6,126,14.0067,7,2,15,14.48,3.04,0,92,58.6934,28,4,10,7.61,1.91,8,124,30.9737,15,3,15,10.3,2.19,0,128,0,0,0,0,0,0,0,0,0,0,0,0,0,0,0,0,1,0,0,0,0,0,0,0,1,0,0,0,0,1,0,0,0,0,0,0,0,0,0,0,0,0,0,0,0,0,0,0,0,0,0,0,0,0,0,0,0,0,0,0,1,0,0,0,1,0
46,85.0,14.0067,7,2,15,14.48,3.04,0,92,58.6934,28,4,10,7.61,1.91,8,124,30.9737,15,3,15,10.3,2.19,0,128,50.942,23,4,5,6.76,1.63,3,134,0,0,0,0,0,0,0,0,0,0,0,0,0,0,0,0,0,0,0,0,0,0,0,0,0,0,0,0,0,0,0,0,0,0,0,0,0,0,0,0,0,0,0,0,1,0,0,0,0,0,0,0,0,0,0,0,0,0,0,0,0,0,0,0,0,0,0,0,0,0,0,0,0,0,0,0,0,0,0,0,0,0
47,131.0,58.6934,28,4,10,7.61,1.91,8,124,101.07,44,5,8,7.5,2.2,7,134,32.065,16,3,16,10.31,2.58,0,127,0,0,0,0,0,0,0,0,0,0,0,0,0,0,0,0,0,0,0,0,0,0,0,0,0,0,0,0,0,0,0,0,0,0,0,0,0,0,0,0,0,0,0,0,0,0,0,0,0,0,0,0,0,0,0,0,0,0,0,0,0,0,0,0,0,0,0,0,0,0,0,0,0,0,0,0,0,0,0,0,0,1,0,0,0,0,0,0,0,0
48,138.0,58.933,27,4,9,7.81,1.88,7,125,55.845,26,4,8,7.83,1.83,6,126,30.9737,15,3,15,10.3,2.19,0,128,0,0,0,0,0,0,0,0,0,0,0,0,0,0,0,0,0,0,0,0,0,0,0,0,0,0,0,0,0,0,0,0,0,0,0,0,0,0,0,0,0,0,0,1,0,0,0,0,0,0,0,0,0,0,0,1,1,0,0,0,0,0,0,0,0,0,0,0,0,0,0,0,0,0,0,0,0,0,0,0,0,0,0,0,0,0,0,0,0,0
49,128.0,95.94,42,5,6,7.35,2.16,5,139,32.065,16,3,16,10.31,2.58,0,127,0,0,0,0,0,0,0,0,0,0,0,0,0,0,0,0,0,0,0,0,0,0,0,0,0,0,0,0,0,0,0,0,0,0,0,0,0,0,0,0,0,0,0,0,0,0,0,0,0,0,0,0,0,0,0,0,0,0,0,0,1,0,0,0,0,0,0,0,0,0,0,0,0,0,0,0,0,0,0,0,0,0,0,0,0,0,0,0,0,0,0,0,0,0,0,0,0,0
50,123.0,12.0107,6,2,14,11.22,2.56,0,77,14.0067,7,2,15,14.48,3.04,0,92,58.933,27,4,9,7.81,1.88,7,125,55.845,26,4,8,7.83,1.83,6,126,32.065,16,3,16,10.31,2.58,0,127,0,0,0,0,0,0,0,0,0,0,0,0,0,0,0,0,0,0,0,0,0,0,0,0,0,0,0,1,0,0,0,0,0,0,0,0,1,0,0,0,1,0,0,0,0,0,0,0,0,0,0,0,0,0,0,0,0,0,0,0,0,0,0,0,0,1,0,0,1,0,0,0,0,0
51,250.0,10.811,5,2,13,8.33,2.04,0,98,58.933,27,4,9,7.81,1.88,7,125,0,0,0,0,0,0,0,0,0,0,0,0,0,0,0,0,0,0,0,0,0,0,0,0,0,0,0,0,0,0,0,0,0,0,0,0,0,0,0,0,0,0,0,0,0,0,0,0,1,0,0,0,0,0,0,0,0,0,0,0,0,0,0,0,0,0,0,0,0,0,0,0,0,1,0,0,0,0,0,0,0,0,0,0,0,0,0,0,0,0,0,0,0,0,0,0,0,0
52,64.0,18.9984,9,2,17,18.6,3.98,0,73,55.845,26,4,8,7.83,1.83,6,126,14.0067,7,2,15,14.48,3.04,0,92,58.6934,28,4,10,7.61,1.91,8,124,16,8,2,16,13.56,3.44,0,48,30.9737,15,3,15,10.3,2.19,0,128,0,0,0,0,0,0,0,0,0,0,0,0,0,0,0,0,0,1,1,1,0,0,0,1,0,0,0,0,0,0,0,0,0,0,0,0,0,0,0,0,0,0,0,0,0,0,0,0,0,0,0,0,0,0,0,0,0,0,0,0,0,0,0,0,1,0
53,33.0,10.811,5,2,13,8.33,2.04,0,98,190.23,76,6,8,8.7,2.2,6,135,0,0,0,0,0,0,0,0,0,0,0,0,0,0,0,0,0,0,0,0,0,0,0,0,0,0,0,0,0,0,0,0,0,0,0,0,0,0,0,0,0,0,0,0,0,0,0,0,0,1,0,1,0,0,0,0,0,0,0,0,0,0,0,0,0,0,0,0,0,0,0,0,0,0,0,0,0,0,0,0,0,0,0,0,0,0,0,0,0,0,0,0,0,0,0,0,0,0
54,138.0,58.933,27,4,9,7.81,1.88,7,125,30.9737,15,3,15,10.3,2.19,0,128,183.84,74,6,6,7.98,2.36,4,141,12.0107,6,2,14,11.22,2.56,0,77,0,0,0,0,0,0,0,0,0,0,0,0,0,0,0,0,0,0,0,0,0,0,0,0,0,0,0,0,0,0,0,0,1,0,0,0,0,0,0,0,0,0,0,0,1,0,0,0,0,0,1,0,0,0,0,0,0,0,0,0,0,1,0,0,0,0,0,0,0,0,0,0,0,0,0,0,0,0,0,0,0,0
55,70.0,54.938,25,4,7,7.4,1.56,5,127,95.94,42,5,6,7.35,2.16,5,139,30.9737,15,3,15,10.3,2.19,0,128,32.065,16,3,16,10.31,2.58,0,127,0,0,0,0,0,0,0,0,0,0,0,0,0,0,0,0,0,0,0,0,0,0,0,0,0,0,0,0,0,0,0,0,0,0,0,1,0,0,0,0,0,0,0,0,0,0,0,0,0,0,0,0,0,0,0,0,0,0,0,0,0,0,0,0,0,0,0,0,0,0,0,0,0,0,0,0,0,0,0,0,0,0
56,60.0,12.0107,6,2,14,11.22,2.56,0,77,192.217,77,6,9,9.1,2.2,7,136,106.42,46,5,10,8.3,2.2,10,137,0,0,0,0,0,0,0,0,0,0,0,0,0,0,0,0,0,0,0,0,0,0,0,0,0,0,0,0,0,0,0,0,0,0,0,0,0,0,0,0,0,0,0,1,0,0,0,0,0,0,0,0,0,0,0,0,0,0,0,0,0,0,0,0,0,0,0,0,0,0,0,0,0,0,0,0,0,0,0,0,0,0,0,0,0,0,0,0,0,0
57,128.0,58.933,27,4,9,7.81,1.88,7,125,16,8,2,16,13.56,3.44,0,48,30.9737,15,3,15,10.3,2.19,0,128,0,0,0,0,0,0,0,0,0,0,0,0,0,0,0,0,0,0,0,0,0,0,0,0,0,0,0,0,0,0,0,0,0,0,0,0,0,0,0,0,0,0,0,1,0,0,0,0,0,0,0,1,1,0,0,0,0,0,1,0,0,0,0,0,0,0,0,0,0,1,0,0,0,0,0,0,0,0,0,0,0,0,0,0,0,0,0,0,0,0
58,65.0,58.6934,28,4,10,7.61,1.91,8,124,95.94,42,5,6,7.35,2.16,5,139,14.0067,7,2,15,14.48,3.04,0,92,0,0,0,0,0,0,0,0,0,0,0,0,0,0,0,0,0,0,0,0,0,0,0,0,0,0,0,0,0,0,0,0,0,0,0,0,0,0,0,0,1,1,0,1,0,0,0,0,0,0,0,0,1,0,0,0,0,0,0,0,0,0,0,0,0,0,0,0,0,0,0,0,0,0,0,0,0,0,0,0,0,1,0,0,1,0,0,0,0,0
59,76.0,12.0107,6,2,14,11.22,2.56,0,77,14.0067,7,2,15,14.48,3.04,0,92,101.07,44,5,8,7.5,2.2,7,134,0,0,0,0,0,0,0,0,0,0,0,0,0,0,0,0,0,0,0,0,0,0,0,0,0,0,0,0,0,0,0,0,0,0,0,0,0,0,0,0,0,1,0,0,0,0,0,1,0,0,0,0,1,0,0,0,0,0,0,0,0,0,0,0,0,0,0,0,0,0,0,0,0,0,0,0,0,0,0,0,0,0,0,0,0,0,0,0,1,0
60,117.0,58.933,27,4,9,7.81,1.88,7,125,95.94,42,5,6,7.35,2.16,5,139,58.6934,28,4,10,7.61,1.91,8,124,32.065,16,3,16,10.31,2.58,0,127,0,0,0,0,0,0,0,0,0,0,0,0,0,0,0,0,0,0,0,0,0,0,0,0,0,0,0,0,0,0,0,0,0,1,1,1,0,0,0,0,0,0,0,0,1,0,0,0,0,0,0,0,0,0,0,0,0,0,0,0,0,0,0,0,0,0,0,0,0,0,0,0,0,0,0,0,0,0,0,0,0,0
61,175.0,12.0107,6,2,14,11.22,2.56,0,77,30.9737,15,3,15,10.3,2.19,0,128,183.84,74,6,6,7.98,2.36,4,141,58.933,27,4,9,7.81,1.88,7,125,32.065,16,3,16,10.31,2.58,0,127,0,0,0,0,0,0,0,0,0,0,0,0,0,0,0,0,0,0,0,0,0,0,0,0,0,1,1,1,0,0,0,0,0,0,0,0,1,0,0,1,1,0,0,0,0,0,0,0,0,0,0,0,0,0,0,0,0,0,0,0,1,0,0,0,0,0,0,0,0,0,0,0,0,0
62,16.0,95.94,42,5,6,7.35,2.16,5,139,16,8,2,16,13.56,3.44,0,48,195.084,78,6,10,8.9,2.28,9,139,0,0,0,0,0,0,0,0,0,0,0,0,0,0,0,0,0,0,0,0,0,0,0,0,0,0,0,0,0,0,0,0,0,0,0,0,0,0,0,0,1,0,0,0,0,1,0,0,0,0,0,0,0,0,0,0,0,0,0,0,0,0,0,0,0,0,0,0,0,0,0,0,0,0,0,0,0,0,0,0,0,0,0,0,0,0,0,0,0,0
63,125.8,58.933,27,4,9,7.81,1.88,7,125,63.546,29,4,11,7.69,1.9,10,128,55.845,26,4,8,7.83,1.83,6,126,32.065,16,3,16,10.31,2.58,0,127,78.96,34,4,16,9.5,2.55,10,140,127.6,52,52,5,16,9.0096,2.1,10,0,0,0,0,0,0,0,0,0,0,0,0,0,0,0,0,0,0,0,0,0,0,0,0,0,0,0,0,1,0,0,0,0,0,0,0,0,0,0,0,0,0,0,0,0,0,0,0,0,0,0,0,0,0,0,0,0,1,0,0,1,0,0,0,0,0
64,30.0,58.933,27,4,9,7.81,1.88,7,125,55.845,26,4,8,7.83,1.83,6,126,95.94,42,5,6,7.35,2.16,5,139,58.6934,28,4,10,7.61,1.91,8,124,16,8,2,16,13.56,3.44,0,48,30.9737,15,3,15,10.3,2.19,0,128,101.07,44,5,8,7.5,2.2,7,134,0,0,0,0,0,0,0,0,0,1,1,1,0,0,0,0,0,0,0,0,0,0,0,0,0,0,0,1,0,0,0,0,0,0,0,0,0,0,0,0,0,0,0,0,0,0,0,0,0,0,0,0,0,0,0,0,0,0
65,26.0,195.084,78,6,10,8.9,2.28,9,139,192.217,77,6,9,9.1,2.2,7,136,16,8,2,16,13.56,3.44,0,48,0,0,0,0,0,0,0,0,0,0,0,0,0,0,0,0,0,0,0,0,0,0,0,0,0,0,0,0,0,0,0,0,0,0,0,0,0,0,0,0,0,0,0,1,0,0,0,0,0,0,0,0,0,0,1,0,0,0,0,0,0,0,0,0,0,0,0,0,0,0,0,0,0,0,0,0,0,0,0,0,0,0,0,0,0,0,0,0,0,0
66,28.0,58.933,27,4,9,7.81,1.88,7,125,101.07,44,5,8,7.5,2.2,7,134,0,0,0,0,0,0,0,0,0,0,0,0,0,0,0,0,0,0,0,0,0,0,0,0,0,0,0,0,0,0,0,0,0,0,0,0,0,0,0,0,0,0,0,0,0,0,0,0,0,0,0,0,0,0,0,0,0,0,0,0,1,0,0,0,0,0,0,0,0,0,0,0,0,0,0,0,0,0,0,0,0,0,0,0,0,0,0,0,0,0,0,0,0,0,0,0,0,0
67,228.0,63.546,29,4,11,7.69,1.9,10,128,58.6934,28,4,10,7.61,1.91,8,124,30.9737,15,3,15,10.3,2.19,0,128,32.065,16,3,16,10.31,2.58,0,127,0,0,0,0,0,0,0,0,0,0,0,0,0,0,0,0,0,0,0,0,0,0,0,0,0,0,0,0,0,0,0,0,1,1,0,0,0,0,0,0,0,0,0,0,0,0,0,0,0,0,0,0,0,0,0,0,0,0,0,0,0,0,0,0,0,0,0,0,0,0,0,0,0,0,0,0,0,0,0,0,0,0
68,57.0,12.0107,6,2,14,11.22,2.56,0,77,14.0067,7,2,15,14.48,3.04,0,92,30.9737,15,3,15,10.3,2.19,0,128,101.07,44,5,8,7.5,2.2,7,134,0,0,0,0,0,0,0,0,0,0,0,0,0,0,0,0,0,0,0,0,0,0,0,0,0,0,0,0,0,0,0,0,1,0,0,0,0,0,0,0,1,0,0,0,1,0,0,0,0,0,0,0,0,0,0,0,0,0,0,0,0,0,0,0,0,0,0,0,0,0,0,0,0,0,0,0,0,0,0,0,0,0
69,96.0,55.845,26,4,8,7.83,1.83,6,126,30.9737,15,3,15,10.3,2.19,0,128,16,8,2,16,13.56,3.44,0,48,0,0,0,0,0,0,0,0,0,0,0,0,0,0,0,0,0,0,0,0,0,0,0,0,0,0,0,0,0,0,0,0,0,0,0,0,0,0,0,0,0,0,0,1,0,0,0,0,0,0,0,0,1,0,0,0,0,0,0,0,0,0,0,0,0,0,0,0,0,0,0,0,0,0,0,0,0,0,0,0,0,0,0,0,0,0,0,0,0,0
70,79.5,14.0067,7,2,15,14.48,3.04,0,92,16,8,2,16,13.56,3.44,0,48,30.9737,15,3,15,10.3,2.19,0,128,102.905,45,5,9,7.7,2.28,8,134,101.07,44,5,8,7.5,2.2,7,134,0,0,0,0,0,0,0,0,0,0,0,0,0,0,0,0,0,0,0,0,0,0,0,0,0,1,1,0,0,0,0,1,0,0,0,1,0,0,0,0,0,0,0,0,0,0,0,0,0,0,0,0,0,0,0,0,0,0,0,0,0,0,0,0,0,0,0,0,0,0,0,0,0,0
71,114.0,95.94,42,5,6,7.35,2.16,5,139,14.0067,7,2,15,14.48,3.04,0,92,30.9737,15,3,15,10.3,2.19,0,128,32.065,16,3,16,10.31,2.58,0,127,0,0,0,0,0,0,0,0,0,0,0,0,0,0,0,0,0,0,0,0,0,0,0,0,0,0,0,0,0,0,0,0,0,1,1,1,0,0,0,0,1,0,0,0,1,1,0,0,0,1,0,0,0,0,0,0,0,0,0,0,0,0,0,0,0,0,0,0,0,0,0,0,0,0,0,0,0,0,0,0,0,0
72,180.0,12.0107,6,2,14,11.22,2.56,0,77,95.94,42,5,6,7.35,2.16,5,139,14.0067,7,2,15,14.48,3.04,0,92,50.942,23,4,5,6.76,1.63,3,134,0,0,0,0,0,0,0,0,0,0,0,0,0,0,0,0,0,0,0,0,0,0,0,0,0,0,0,0,0,0,0,0,1,0,0,1,0,0,0,0,0,0,0,0,1,0,0,0,0,0,0,0,0,0,0,0,0,0,0,0,0,0,0,0,0,0,0,0,0,0,0,0,0,0,0,0,0,0,0,0,0,0
73,33.0,195.084,78,6,10,8.9,2.28,9,139,58.6934,28,4,10,7.61,1.91,8,124,0,0,0,0,0,0,0,0,0,0,0,0,0,0,0,0,0,0,0,0,0,0,0,0,0,0,0,0,0,0,0,0,0,0,0,0,0,0,0,0,0,0,0,0,0,0,0,0,0,1,0,1,0,1,0,1,0,0,0,0,0,0,0,0,0,0,0,0,0,0,0,0,0,0,0,0,0,0,0,0,0,0,0,0,0,0,0,0,0,0,0,0,0,0,0,0,0,0
74,85.0,12.0107,6,2,14,11.22,2.56,0,77,95.94,42,5,6,7.35,2.16,5,139,30.9737,15,3,15,10.3,2.19,0,128,32.065,16,3,16,10.31,2.58,0,127,0,0,0,0,0,0,0,0,0,0,0,0,0,0,0,0,0,0,0,0,0,0,0,0,0,0,0,0,0,0,0,0,0,1,1,1,0,0,0,0,0,0,0,0,0,0,0,0,0,0,0,0,0,0,0,0,0,0,0,0,0,0,0,0,0,0,0,0,1,0,0,0,0,0,0,0,0,0,0,0,0,0
75,64.0,12.0107,6,2,14,11.22,2.56,0,77,58.933,27,4,9,7.81,1.88,7,125,192.217,77,6,9,9.1,2.2,7,136,0,0,0,0,0,0,0,0,0,0,0,0,0,0,0,0,0,0,0,0,0,0,0,0,0,0,0,0,0,0,0,0,0,0,0,0,0,0,0,0,1,0,0,0,0,0,0,0,0,0,0,0,1,0,0,0,0,0,0,0,0,0,0,0,0,0,0,0,0,0,0,0,0,0,0,0,0,0,0,0,0,0,0,0,0,0,0,0,0,0
76,183.0,12.0107,6,2,14,11.22,2.56,0,77,58.6934,28,4,10,7.61,1.91,8,124,78.96,34,4,16,9.5,2.55,10,140,0,0,0,0,0,0,0,0,0,0,0,0,0,0,0,0,0,0,0,0,0,0,0,0,0,0,0,0,0,0,0,0,0,0,0,0,0,0,0,0,0,0,0,0,0,0,0,0,1,0,0,0,1,0,0,1,0,0,1,0,0,0,0,0,0,0,0,0,0,0,0,0,0,0,0,0,0,0,0,0,0,0,0,0,0,0,0,0,0,0
77,198.0,12.0107,6,2,14,11.22,2.56,0,77,95.94,42,5,6,7.35,2.16,5,139,14.0067,7,2,15,14.48,3.04,0,92,30.9737,15,3,15,10.3,2.19,0,128,0,0,0,0,0,0,0,0,0,0,0,0,0,0,0,0,0,0,0,0,0,0,0,0,0,0,0,0,0,0,0,0,1,1,0,0,0,0,0,1,1,0,0,0,0,1,0,0,0,1,0,0,0,0,0,0,0,0,0,0,0,0,0,0,0,0,0,0,0,0,0,0,0,0,0,0,0,0,0,0,1,0
78,149.0,16,8,2,16,13.56,3.44,0,48,183.84,74,6,6,7.98,2.36,4,141,195.084,78,6,10,8.9,2.28,9,139,0,0,0,0,0,0,0,0,0,0,0,0,0,0,0,0,0,0,0,0,0,0,0,0,0,0,0,0,0,0,0,0,0,0,0,0,0,0,0,0,1,1,0,1,0,0,0,0,0,0,0,0,0,0,0,0,0,0,0,0,0,0,0,0,0,0,0,0,0,0,0,0,0,0,0,0,0,0,0,0,0,0,0,0,0,0,0,0,0,0
79,129.0,58.933,27,4,9,7.81,1.88,7,125,16,8,2,16,13.56,3.44,0,48,30.9737,15,3,15,10.3,2.19,0,128,32.065,16,3,16,10.31,2.58,0,127,183.84,74,6,6,7.98,2.36,4,141,0,0,0,0,0,0,0,0,0,0,0,0,0,0,0,0,0,0,0,0,0,0,0,0,1,1,1,0,0,0,0,0,0,0,0,0,1,0,0,0,0,0,0,0,0,0,0,0,0,0,0,0,0,0,0,0,0,0,0,0,0,0,0,0,0,0,0,0,0,0,0,0,0,0
80,64.0,14.0067,7,2,15,14.48,3.04,0,92,58.6934,28,4,10,7.61,1.91,8,124,0,0,0,0,0,0,0,0,0,0,0,0,0,0,0,0,0,0,0,0,0,0,0,0,0,0,0,0,0,0,0,0,0,0,0,0,0,0,0,0,0,0,0,0,0,0,0,0,0,0,0,0,0,0,0,0,0,0,1,1,1,0,1,0,0,0,0,0,0,0,0,0,0,0,0,0,0,0,0,0,0,0,0,0,0,0,0,0,0,0,0,0,0,0,0,0,0,0
81,123.0,12.0107,6,2,14,11.22,2.56,0,77,58.933,27,4,9,7.81,1.88,7,125,30.9737,15,3,15,10.3,2.19,0,128,50.942,23,4,5,6.76,1.63,3,134,0,0,0,0,0,0,0,0,0,0,0,0,0,0,0,0,0,0,0,0,0,0,0,0,0,0,0,0,0,0,0,0,0,1,0,1,0,0,0,0,0,0,0,0,0,0,0,0,0,0,0,0,0,0,0,0,0,0,0,0,0,0,0,0,0,0,0,0,1,0,0,0,0,0,0,0,0,0,0,0,0,0
82,83.0,12.0107,6,2,14,11.22,2.56,0,77,114.818,49,5,13,8.95,1.78,10,166,30.9737,15,3,15,10.3,2.19,0,128,101.07,44,5,8,7.5,2.2,7,134,0,0,0,0,0,0,0,0,0,0,0,0,0,0,0,0,0,0,0,0,0,0,0,0,0,0,0,0,0,0,0,0,0,0,1,1,0,0,0,1,0,0,0,0,1,0,1,0,0,0,0,0,0,0,0,0,0,0,0,0,0,0,0,0,0,0,0,0,0,0,0,0,0,1,0,0,0,0,0,0,0,0
83,12.0,16,8,2,16,13.56,3.44,0,48,50.942,23,4,5,6.76,1.63,3,134,101.07,44,5,8,7.5,2.2,7,134,12.0107,6,2,14,11.22,2.56,0,77,0,0,0,0,0,0,0,0,0,0,0,0,0,0,0,0,0,0,0,0,0,0,0,0,0,0,0,0,0,0,0,0,1,0,0,1,0,0,0,1,0,0,0,0,1,0,0,0,0,0,0,0,0,0,0,0,0,0,0,0,1,0,0,0,0,0,0,0,0,0,0,0,0,0,0,0,1,0,0,0,0,0
84,458.0,63.546,29,4,11,7.69,1.9,10,128,30.9737,15,3,15,10.3,2.19,0,128,32.065,16,3,16,10.31,2.58,0,127,0,0,0,0,0,0,0,0,0,0,0,0,0,0,0,0,0,0,0,0,0,0,0,0,0,0,0,0,0,0,0,0,0,0,0,0,0,0,0,0,1,0,0,1,1,0,0,0,0,0,0,0,1,0,1,0,0,0,0,0,0,0,0,0,0,0,0,0,0,0,0,0,0,0,0,0,0,0,0,0,0,1,0,0,0,0,0,0,0,0
85,206.0,12.0107,6,2,14,11.22,2.56,0,77,58.933,27,4,9,7.81,1.88,7,125,95.94,42,5,6,7.35,2.16,5,139,0,0,0,0,0,0,0,0,0,0,0,0,0,0,0,0,0,0,0,0,0,0,0,0,0,0,0,0,0,0,0,0,0,0,0,0,0,0,0,0,1,1,0,1,0,0,0,0,1,0,0,0,0,0,0,0,0,0,0,0,0,0,0,0,0,0,0,0,0,0,0,0,1,0,0,0,0,0,0,0,1,0,0,0,0,0,0,0,0,0
86,81.0,58.933,27,4,9,7.81,1.88,7,125,30.9737,15,3,15,10.3,2.19,0,128,101.07,44,5,8,7.5,2.2,7,134,0,0,0,0,0,0,0,0,0,0,0,0,0,0,0,0,0,0,0,0,0,0,0,0,0,0,0,0,0,0,0,0,0,0,0,0,0,0,0,0,0,0,1,0,0,0,0,0,0,0,0,0,1,0,0,0,0,0,0,0,0,0,0,0,0,0,0,0,0,0,0,0,0,0,0,0,0,0,0,0,0,0,0,0,0,0,0,0,0,0
87,155.0,12.0107,6,2,14,11.22,2.56,0,77,14.0067,7,2,15,14.48,3.04,0,92,58.6934,28,4,10,7.61,1.91,8,124,30.9737,15,3,15,10.3,2.19,0,128,0,0,0,0,0,0,0,0,0,0,0,0,0,0,0,0,0,0,0,0,0,0,0,0,0,0,0,0,0,0,0,0,1,1,0,1,0,0,0,0,1,1,0,0,1,0,0,0,0,0,0,0,0,0,0,0,0,0,0,0,0,0,0,0,0,0,0,0,0,0,0,0,0,0,0,0,0,0,0,0,0,0
88,82.6,12.0107,6,2,14,11.22,2.56,0,77,95.94,42,5,6,7.35,2.16,5,139,58.6934,28,4,10,7.61,1.91,8,124,0,0,0,0,0,0,0,0,0,0,0,0,0,0,0,0,0,0,0,0,0,0,0,0,0,0,0,0,0,0,0,0,0,0,0,0,0,0,0,0,0,0,0,1,0,0,0,0,0,0,0,0,1,1,0,0,0,0,0,0,0,0,0,0,0,0,0,0,0,0,0,0,0,0,0,0,0,0,0,0,0,0,0,0,0,0,1,0,1,0
89,70.0,12.0107,6,2,14,11.22,2.56,0,77,14.0067,7,2,15,14.48,3.04,0,92,16,8,2,16,13.56,3.44,0,48,30.9737,15,3,15,10.3,2.19,0,128,186.207,75,6,7,7.88,1.9,5,137,28.0855,14,3,14,8.12,1.9,0,132,0,0,0,0,0,0,0,0,0,0,0,0,0,0,0,0,1,0,0,1,0,0,0,0,0,0,0,0,1,0,0,0,0,0,0,0,0,0,0,0,0,0,0,0,0,0,0,0,0,0,0,0,0,0,0,0,0,0,0,0,0,0,0,0,0,0
90,65.7,58.933,27,4,9,7.81,1.88,7,125,58.6934,28,4,10,7.61,1.91,8,124,30.9737,15,3,15,10.3,2.19,0,128,0,0,0,0,0,0,0,0,0,0,0,0,0,0,0,0,0,0,0,0,0,0,0,0,0,0,0,0,0,0,0,0,0,0,0,0,0,0,0,0,0,1,0,1,0,0,0,1,0,0,0,0,1,0,1,0,0,0,0,0,0,0,0,0,0,0,0,0,0,0,0,0,0,0,0,0,0,0,0,0,0,0,0,0,0,0,0,0,0,0
91,59.0,12.0107,6,2,14,11.22,2.56,0,77,95.94,42,5,6,7.35,2.16,5,139,14.0067,7,2,15,14.48,3.04,0,92,32.065,16,3,16,10.31,2.58,0,127,0,0,0,0,0,0,0,0,0,0,0,0,0,0,0,0,0,0,0,0,0,0,0,0,0,0,0,0,0,0,0,0,0,0,1,1,0,0,0,1,0,0,0,0,1,0,0,0,0,0,0,0,0,0,0,0,0,0,0,0,0,0,0,0,0,0,0,0,0,0,0,0,0,0,0,0,0,0,0,0,0,0
92,300.0,12.0107,6,2,14,11.22,2.56,0,77,58.6934,28,4,10,7.61,1.91,8,124,78.96,34,4,16,9.5,2.55,10,140,0,0,0,0,0,0,0,0,0,0,0,0,0,0,0,0,0,0,0,0,0,0,0,0,0,0,0,0,0,0,0,0,0,0,0,0,0,0,0,0,1,0,0,0,1,0,0,1,0,0,0,0,1,0,0,1,0,0,0,0,0,0,0,0,0,0,0,0,0,0,0,0,0,0,0,0,0,0,0,0,0,0,0,0,0,0,0,0,0,0
93,45.0,12.0107,6,2,14,11.22,2.56,0,77,14.0067,7,2,15,14.48,3.04,0,92,101.07,44,5,8,7.5,2.2,7,134,0,0,0,0,0,0,0,0,0,0,0,0,0,0,0,0,0,0,0,0,0,0,0,0,0,0,0,0,0,0,0,0,0,0,0,0,0,0,0,0,0,1,0,1,0,1,0,0,0,0,0,0,0,0,1,0,0,0,0,0,0,0,0,0,0,0,0,0,0,0,0,0,0,0,0,0,0,0,0,0,0,0,0,0,0,0,0,0,0,0
94,76.0,12.0107,6,2,14,11.22,2.56,0,77,58.6934,28,4,10,7.61,1.91,8,124,16,8,2,16,13.56,3.44,0,48,30.9737,15,3,15,10.3,2.19,0,128,0,0,0,0,0,0,0,0,0,0,0,0,0,0,0,0,0,0,0,0,0,0,0,0,0,0,0,0,0,0,0,0,1,1,0,1,0,0,0,0,0,0,0,0,1,0,0,0,0,0,0,0,0,0,0,0,0,0,0,0,0,0,0,0,0,0,0,0,0,0,0,0,0,0,0,0,0,0,0,0,0,0
95,58.0,58.933,27,4,9,7.81,1.88,7,125,58.6934,28,4,10,7.61,1.91,8,124,30.9737,15,3,15,10.3,2.19,0,128,50.942,23,4,5,6.76,1.63,3,134,0,0,0,0,0,0,0,0,0,0,0,0,0,0,0,0,0,0,0,0,0,0,0,0,0,0,0,0,0,0,0,0,0,1,0,0,0,0,0,1,0,0,0,0,1,0,0,0,0,0,0,0,0,0,0,0,0,0,0,0,0,0,0,0,0,0,0,0,0,0,0,0,0,0,0,0,0,0,0,0,0,0
96,125.0,58.6934,28,4,10,7.61,1.91,8,124,30.9737,15,3,15,10.3,2.19,0,128,0,0,0,0,0,0,0,0,0,0,0,0,0,0,0,0,0,0,0,0,0,0,0,0,0,0,0,0,0,0,0,0,0,0,0,0,0,0,0,0,0,0,0,0,0,0,0,0,0,1,0,0,0,0,0,1,0,0,0,0,0,0,0,0,0,0,0,0,0,0,0,0,0,0,0,0,0,0,0,0,0,0,0,0,0,0,0,0,0,1,0,0,0,0,0,0,0,0
97,67.0,12.0107,6,2,14,11.22,2.56,0,77,58.933,27,4,9,7.81,1.88,7,125,101.07,44,5,8,7.5,2.2,7,134,0,0,0,0,0,0,0,0,0,0,0,0,0,0,0,0,0,0,0,0,0,0,0,0,0,0,0,0,0,0,0,0,0,0,0,0,0,0,0,0,0,0,0,0,0,0,0,0,0,0,1,1,0,0,0,0,0,0,0,0,0,0,0,0,0,0,0,0,0,0,0,0,0,0,0,0,0,0,0,0,0,0,0,0,0,0,0,0,0,0
98,56.0,58.933,27,4,9,7.81,1.88,7,125,101.07,44,5,8,7.5,2.2,7,134,10.811,5,2,13,8.33,2.04,0,98,58.6934,28,4,10,7.61,1.91,8,124,0,0,0,0,0,0,0,0,0,0,0,0,0,0,0,0,0,0,0,0,0,0,0,0,0,0,0,0,0,0,0,0,1,0,0,1,0,0,0,0,0,0,0,0,0,0,0,0,0,0,0,0,0,0,0,0,0,0,0,0,0,0,0,0,0,0,0,0,0,0,0,0,0,0,0,0,0,0,0,0,0,0
99,89.6,12.0107,6,2,14,11.22,2.56,0,77,58.933,27,4,9,7.81,1.88,7,125,16,8,2,16,13.56,3.44,0,48,30.9737,15,3,15,10.3,2.19,0,128,0,0,0,0,0,0,0,0,0,0,0,0,0,0,0,0,0,0,0,0,0,0,0,0,0,0,0,0,0,0,0,0,0,0,0,1,0,0,0,0,1,0,0,0,1,0,0,0,0,0,0,0,0,0,0,0,0,0,0,0,0,0,0,0,0,0,0,0,0,0,0,0,0,0,0,0,0,0,0,0,0,0
100,390.0,12.0107,6,2,14,11.22,2.56,0,77,58.933,27,4,9,7.81,1.88,7,125,63.546,29,4,11,7.69,1.9,10,128,16,8,2,16,13.56,3.44,0,48,0,0,0,0,0,0,0,0,0,0,0,0,0,0,0,0,0,0,0,0,0,0,0,0,0,0,0,0,0,0,0,0,0,0,0,1,0,0,0,0,0,0,0,0,1,0,1,0,0,0,1,0,0,0,0,0,0,0,0,0,0,0,0,0,0,0,0,0,1,0,0,0,0,0,0,0,0,0,0,0,0,0
101,136.0,12.0107,6,2,14,11.22,2.56,0,77,95.94,42,5,6,7.35,2.16,5,139,14.0067,7,2,15,14.48,3.04,0,92,30.9737,15,3,15,10.3,2.19,0,128,0,0,0,0,0,0,0,0,0,0,0,0,0,0,0,0,0,0,0,0,0,0,0,0,0,0,0,0,0,0,0,0,1,0,0,1,0,0,0,0,1,0,0,0,0,0,0,0,0,0,0,0,0,0,0,0,0,0,0,0,0,0,0,0,0,0,0,0,0,0,0,0,0,0,0,0,0,0,0,0,1,0
102,61.0,12.0107,6,2,14,11.22,2.56,0,77,14.0067,7,2,15,14.48,3.04,0,92,30.9737,15,3,15,10.3,2.19,0,128,101.07,44,5,8,7.5,2.2,7,134,0,0,0,0,0,0,0,0,0,0,0,0,0,0,0,0,0,0,0,0,0,0,0,0,0,0,0,0,0,0,0,0,1,0,1,0,0,0,0,0,0,0,0,0,1,0,0,0,0,0,0,0,0,0,0,0,0,0,0,0,0,0,0,0,0,0,0,0,0,0,0,0,0,0,0,0,0,0,0,0,0,0
103,161.0,54.938,25,4,7,7.4,1.56,5,127,95.94,42,5,6,7.35,2.16,5,139,16,8,2,16,13.56,3.44,0,48,0,0,0,0,0,0,0,0,0,0,0,0,0,0,0,0,0,0,0,0,0,0,0,0,0,0,0,0,0,0,0,0,0,0,0,0,0,0,0,0,0,1,1,1,0,0,0,0,0,0,0,0,0,0,0,0,0,0,0,0,0,0,0,0,0,0,0,0,0,0,0,0,0,0,0,0,0,0,0,0,0,0,0,0,0,0,0,0,0,0
104,258.0,95.94,42,5,6,7.35,2.16,5,139,32.065,16,3,16,10.31,2.58,0,127,30.9737,15,3,15,10.3,2.19,0,128,0,0,0,0,0,0,0,0,0,0,0,0,0,0,0,0,0,0,0,0,0,0,0,0,0,0,0,0,0,0,0,0,0,0,0,0,0,0,0,0,0,0,1,1,0,0,0,0,0,0,0,0,1,0,0,0,0,0,0,0,0,0,0,0,0,0,0,0,0,0,0,0,0,0,0,0,0,0,0,0,0,0,0,0,0,0,0,0,0,0
105,284.0,63.546,29,4,11,7.69,1.9,10,128,195.084,78,6,10,8.9,2.28,9,139,0,0,0,0,0,0,0,0,0,0,0,0,0,0,0,0,0,0,0,0,0,0,0,0,0,0,0,0,0,0,0,0,0,0,0,0,0,0,0,0,0,0,0,0,0,0,0,0,1,0,0,1,0,0,0,1,0,0,0,0,0,0,0,0,0,0,0,0,0,0,0,0,0,0,0,0,0,0,0,0,0,0,0,0,0,0,0,0,0,0,0,0,1,0,0,0,1,0
106,284.0,95.94,42,5,6,7.35,2.16,5,139,58.6934,28,4,10,7.61,1.91,8,124,32.065,16,3,16,10.31,2.58,0,127,0,0,0,0,0,0,0,0,0,0,0,0,0,0,0,0,0,0,0,0,0,0,0,0,0,0,0,0,0,0,0,0,0,0,0,0,0,0,0,0,1,0,1,1,0,0,0,0,0,0,0,0,1,0,0,0,0,0,0,0,0,0,0,0,0,0,0,0,0,0,0,0,0,0,0,0,0,0,0,0,0,0,0,0,1,0,0,0,0,0
107,84.0,95.94,42,5,6,7.35,2.16,5,139,58.6934,28,4,10,7.61,1.91,8,124,30.9737,15,3,15,10.3,2.19,0,128,0,0,0,0,0,0,0,0,0,0,0,0,0,0,0,0,0,0,0,0,0,0,0,0,0,0,0,0,0,0,0,0,0,0,0,0,0,0,0,0,0,1,0,1,0,0,0,0,0,0,0,0,0,0,0,0,0,0,0,0,0,0,0,0,0,0,0,0,0,0,0,0,0,0,0,0,0,0,0,0,0,0,0,0,0,0,0,0,0,0
108,41.0,58.933,27,4,9,7.81,1.88,7,125,58.6934,28,4,10,7.61,1.91,8,124,183.84,74,6,6,7.98,2.36,4,141,10.811,5,2,13,8.33,2.04,0,98,30.9737,15,3,15,10.3,2.19,0,128,0,0,0,0,0,0,0,0,0,0,0,0,0,0,0,0,0,0,0,0,0,0,0,0,1,1,0,0,0,0,0,1,0,0,0,0,0,0,0,0,0,0,0,0,0,0,0,0,0,0,1,0,0,0,0,0,0,0,0,0,0,0,0,0,0,0,0,0,0,0,0,0,0,0
109,96.0,12.0107,6,2,14,11.22,2.56,0,77,14.0067,7,2,15,14.48,3.04,0,92,58.6934,28,4,10,7.61,1.91,8,124,30.9737,15,3,15,10.3,2.19,0,128,0,0,0,0,0,0,0,0,0,0,0,0,0,0,0,0,0,0,0,0,0,0,0,0,0,0,0,0,0,0,0,0,0,1,0,1,0,0,0,0,1,0,0,0,1,0,0,0,0,0,0,0,0,0,0,0,0,0,0,0,0,0,0,0,0,0,0,0,0,0,0,0,0,0,0,0,0,0,0,0,0,0
110,249.0,12.0107,6,2,14,11.22,2.56,0,77,14.0067,7,2,15,14.48,3.04,0,92,58.6934,28,4,10,7.61,1.91,8,124,30.9737,15,3,15,10.3,2.19,0,128,32.065,16,3,16,10.31,2.58,0,127,0,0,0,0,0,0,0,0,0,0,0,0,0,0,0,0,0,0,0,0,0,0,0,0,1,0,0,0,0,0,0,0,0,0,0,0,0,0,0,0,0,0,0,0,0,0,0,0,0,0,0,0,0,0,0,0,0,0,0,0,0,0,0,0,0,1,0,0,0,0,0,0,0,0
111,67.0,12.0107,6,2,14,11.22,2.56,0,77,58.933,27,4,9,7.81,1.88,7,125,16,8,2,16,13.56,3.44,0,48,30.9737,15,3,15,10.3,2.19,0,128,32.065,16,3,16,10.31,2.58,0,127,65.38,30,4,12,9.35,1.65,10,138,0,0,0,0,0,0,0,0,0,0,0,0,0,0,0,0,1,0,0,1,0,0,0,0,0,0,0,0,0,0,0,0,0,0,0,0,0,0,0,0,0,0,0,0,0,0,0,0,0,0,0,0,0,0,0,0,0,0,0,0,0,0,0,0,0,0
112,50.0,58.6934,28,4,10,7.61,1.91,8,124,6.941,3,2,1,5.37,0.98,0,145,16,8,2,16,13.56,3.44,0,48,0,0,0,0,0,0,0,0,0,0,0,0,0,0,0,0,0,0,0,0,0,0,0,0,0,0,0,0,0,0,0,0,0,0,0,0,0,0,0,0,1,0,0,1,0,0,0,0,0,0,0,0,1,0,0,0,0,0,0,0,0,0,0,0,0,0,0,0,0,0,0,0,0,0,0,0,0,0,0,0,0,0,0,0,0,0,0,0,0,0
113,93.0,192.217,77,6,9,9.1,2.2,7,136,14.0067,7,2,15,14.48,3.04,0,92,47.867,22,4,4,6.81,1.54,2,147,0,0,0,0,0,0,0,0,0,0,0,0,0,0,0,0,0,0,0,0,0,0,0,0,0,0,0,0,0,0,0,0,0,0,0,0,0,0,0,0,1,0,0,1,0,0,0,0,0,0,0,0,1,0,0,0,0,0,0,0,0,0,0,0,0,0,0,0,0,0,0,0,0,0,0,0,0,0,0,0,0,0,0,0,0,0,0,0,0,0
114,196.0,12.0107,6,2,14,11.22,2.56,0,77,14.0067,7,2,15,14.48,3.04,0,92,30.9737,15,3,15,10.3,2.19,0,128,101.07,44,5,8,7.5,2.2,7,134,0,0,0,0,0,0,0,0,0,0,0,0,0,0,0,0,0,0,0,0,0,0,0,0,0,0,0,0,0,0,0,0,1,0,0,0,0,0,0,0,0,0,0,0,0,0,0,0,0,0,0,0,0,0,0,0,0,0,0,0,0,0,0,0,0,0,0,0,0,0,0,0,0,0,0,0,0,0,0,0,0,0
115,212.0,58.6934,28,4,10,7.61,1.91,8,124,30.9737,15,3,15,10.3,2.19,0,128,78.96,34,4,16,9.5,2.55,10,140,0,0,0,0,0,0,0,0,0,0,0,0,0,0,0,0,0,0,0,0,0,0,0,0,0,0,0,0,0,0,0,0,0,0,0,0,0,0,0,0,0,0,0,0,0,0,0,0,0,0,0,0,0,0,0,0,0,0,0,0,0,0,0,0,0,0,0,0,0,0,0,0,0,0,0,0,0,0,0,0,0,0,0,0,0,0,0,0,0,0
116,121.0,12.0107,6,2,14,11.22,2.56,0,77,95.94,42,5,6,7.35,2.16,5,139,32.065,16,3,16,10.31,2.58,0,127,0,0,0,0,0,0,0,0,0,0,0,0,0,0,0,0,0,0,0,0,0,0,0,0,0,0,0,0,0,0,0,0,0,0,0,0,0,0,0,0,0,1,0,0,0,0,0,0,0,0,0,0,1,0,0,0,0,0,0,0,0,0,0,0,0,0,0,0,0,0,0,0,0,0,0,0,0,0,0,0,0,0,0,0,0,0,0,0,0,0
117,68.0,95.94,42,5,6,7.35,2.16,5,139,58.6934,28,4,10,7.61,1.91,8,124,16,8,2,16,13.56,3.44,0,48,32.065,16,3,16,10.31,2.58,0,127,50.942,23,4,5,6.76,1.63,3,134,0,0,0,0,0,0,0,0,0,0,0,0,0,0,0,0,0,0,0,0,0,0,0,0,0,0,1,0,0,0,0,0,0,0,0,0,1,0,0,0,0,0,0,0,0,0,0,0,0,0,0,0,0,0,0,0,0,0,0,0,0,0,0,0,0,1,0,0,0,0,0,0,0,0
118,110.0,12.0107,6,2,14,11.22,2.56,0,77,14.0067,7,2,15,14.48,3.04,0,92,30.9737,15,3,15,10.3,2.19,0,128,101.07,44,5,8,7.5,2.2,7,134,0,0,0,0,0,0,0,0,0,0,0,0,0,0,0,0,0,0,0,0,0,0,0,0,0,0,0,0,0,0,0,0,1,1,0,0,0,0,0,1,1,0,0,0,1,1,0,0,0,0,0,0,0,0,0,0,0,0,0,0,0,0,0,0,0,0,0,0,0,0,0,0,0,0,0,0,0,0,0,0,1,0
119,59.0,192.217,77,6,9,9.1,2.2,7,136,30.9737,15,3,15,10.3,2.19,0,128,106.42,46,5,10,8.3,2.2,10,137,0,0,0,0,0,0,0,0,0,0,0,0,0,0,0,0,0,0,0,0,0,0,0,0,0,0,0,0,0,0,0,0,0,0,0,0,0,0,0,0,0,0,1,0,0,0,0,1,0,0,1,0,0,0,0,0,0,0,0,0,0,0,0,0,0,0,0,0,0,0,0,0,0,0,0,0,0,0,0,0,0,0,0,0,0,0,0,0,0,0
120,93.0,12.0107,6,2,14,11.22,2.56,0,77,95.94,42,5,6,7.35,2.16,5,139,14.0067,7,2,15,14.48,3.04,0,92,0,0,0,0,0,0,0,0,0,0,0,0,0,0,0,0,0,0,0,0,0,0,0,0,0,0,0,0,0,0,0,0,0,0,0,0,0,0,0,0,0,1,0,1,0,0,0,0,0,0,0,0,1,0,0,0,0,0,0,0,0,0,0,0,0,0,0,0,0,0,0,0,0,0,0,0,0,0,0,0,0,0,0,0,1,0,0,0,0,0
121,570.0,12.0107,6,2,14,11.22,2.56,0,77,30.9737,15,3,15,10.3,2.19,0,128,95.94,42,5,6,7.35,2.16,5,139,16,8,2,16,13.56,3.44,0,48,0,0,0,0,0,0,0,0,0,0,0,0,0,0,0,0,0,0,0,0,0,0,0,0,0,0,0,0,0,0,0,0,0,0,0,1,0,0,0,0,0,0,0,0,0,0,1,1,0,0,0,0,0,0,0,0,0,0,0,0,0,0,0,0,0,0,0,0,0,0,0,0,0,0,0,0,0,0,0,0,0,0
122,8.0,101.07,44,5,8,7.5,2.2,7,134,195.084,78,6,10,8.9,2.28,9,139,0,0,0,0,0,0,0,0,0,0,0,0,0,0,0,0,0,0,0,0,0,0,0,0,0,0,0,0,0,0,0,0,0,0,0,0,0,0,0,0,0,0,0,0,0,0,0,0,1,0,0,0,0,1,0,0,0,0,0,0,0,0,0,0,0,0,0,0,0,0,0,0,0,0,0,1,0,0,0,0,0,0,0,0,0,0,0,0,0,0,0,0,0,0,0,0,0,0
123,77.6,54.938,25,4,7,7.4,1.56,5,127,58.6934,28,4,10,7.61,1.91,8,124,16,8,2,16,13.56,3.44,0,48,0,0,0,0,0,0,0,0,0,0,0,0,0,0,0,0,0,0,0,0,0,0,0,0,0,0,0,0,0,0,0,0,0,0,0,0,0,0,0,0,0,0,1,1,0,0,0,0,1,0,0,1,0,0,0,0,0,0,0,0,0,1,0,0,0,0,0,0,0,0,0,0,0,0,0,0,0,0,0,0,0,0,0,0,0,0,0,0,0,0
124,36.0,12.0107,6,2,14,11.22,2.56,0,77,195.084,78,6,10,8.9,2.28,9,139,95.94,42,5,6,7.35,2.16,5,139,0,0,0,0,0,0,0,0,0,0,0,0,0,0,0,0,0,0,0,0,0,0,0,0,0,0,0,0,0,0,0,0,0,0,0,0,0,0,0,0,1,0,0,0,0,1,0,0,0,0,0,0,0,0,0,0,0,0,0,0,0,0,0,0,0,0,0,0,0,0,0,0,0,0,0,0,0,0,0,0,0,0,0,0,0,0,0,0,0,0
125,86.0,10.811,5,2,13,8.33,2.04,0,98,55.845,26,4,8,7.83,1.83,6,126,58.6934,28,4,10,7.61,1.91,8,124,101.07,44,5,8,7.5,2.2,7,134,0,0,0,0,0,0,0,0,0,0,0,0,0,0,0,0,0,0,0,0,0,0,0,0,0,0,0,0,0,0,0,0,0,1,0,1,0,0,0,1,0,0,0,0,0,0,0,0,0,0,0,0,0,0,0,0,0,0,0,0,0,0,0,0,0,0,0,0,0,0,0,0,0,0,0,0,0,0,0,0,1,0
126,106.0,63.546,29,4,11,7.69,1.9,10,128,58.6934,28,4,10,7.61,1.91,8,124,58.933,27,4,9,7.81,1.88,7,125,30.9737,15,3,15,10.3,2.19,0,128,14.0067,7,2,15,14.48,3.04,0,92,16,8,2,16,13.56,3.44,0,48,32.065,16,3,16,10.31,2.58,0,127,12.0107,6,2,14,11.22,2.56,0,77,0,1,0,1,0,0,0,0,1,0,0,0,0,1,0,0,0,0,0,0,0,0,0,0,0,0,0,0,0,0,0,0,0,0,0,0,0,0,0,0,0,0,0,0,0,0,1,0,0,0
127,131.0,12.0107,6,2,14,11.22,2.56,0,77,58.933,27,4,9,7.81,1.88,7,125,58.6934,28,4,10,7.61,1.91,8,124,30.9737,15,3,15,10.3,2.19,0,128,0,0,0,0,0,0,0,0,0,0,0,0,0,0,0,0,0,0,0,0,0,0,0,0,0,0,0,0,0,0,0,0,0,1,0,1,0,0,0,0,0,0,0,0,0,0,0,0,0,0,0,0,0,0,0,0,0,0,0,0,0,0,0,0,0,0,0,0,0,0,0,0,0,1,0,0,0,0,0,0,0,0
128,92.0,12.0107,6,2,14,11.22,2.56,0,77,95.94,42,5,6,7.35,2.16,5,139,30.9737,15,3,15,10.3,2.19,0,128,32.065,16,3,16,10.31,2.58,0,127,0,0,0,0,0,0,0,0,0,0,0,0,0,0,0,0,0,0,0,0,0,0,0,0,0,0,0,0,0,0,0,0,1,0,0,1,0,0,0,0,0,0,0,0,0,0,0,0,0,0,0,0,0,0,0,0,0,0,0,0,0,0,0,0,1,0,0,0,0,0,0,0,0,0,0,0,0,0,0,0,0,0
129,58.0,10.811,5,2,13,8.33,2.04,0,98,12.0107,6,2,14,11.22,2.56,0,77,14.0067,7,2,15,14.48,3.04,0,92,101.07,44,5,8,7.5,2.2,7,134,0,0,0,0,0,0,0,0,0,0,0,0,0,0,0,0,0,0,0,0,0,0,0,0,0,0,0,0,0,0,0,0,0,0,0,1,0,0,0,0,0,0,0,0,0,0,0,0,0,0,0,0,0,0,0,0,0,0,0,0,0,0,0,0,1,0,0,0,0,0,0,0,0,0,0,0,0,0,0,0,0,0
130,112.0,58.6934,28,4,10,7.61,1.91,8,124,30.9737,15,3,15,10.3,2.19,0,128,0,0,0,0,0,0,0,0,0,0,0,0,0,0,0,0,0,0,0,0,0,0,0,0,0,0,0,0,0,0,0,0,0,0,0,0,0,0,0,0,0,0,0,0,0,0,0,0,0,1,0,0,0,0,0,1,0,0,0,0,1,0,0,0,0,0,0,0,0,0,0,0,0,0,0,0,0,0,0,0,0,0,0,0,0,0,0,0,0,1,0,0,1,0,0,0,0,0
131,73.0,63.546,29,4,11,7.69,1.9,10,128,101.07,44,5,8,7.5,2.2,7,134,0,0,0,0,0,0,0,0,0,0,0,0,0,0,0,0,0,0,0,0,0,0,0,0,0,0,0,0,0,0,0,0,0,0,0,0,0,0,0,0,0,0,0,0,0,0,0,0,1,1,1,1,0,0,0,0,0,0,0,0,1,0,0,0,0,0,0,0,0,0,0,0,0,1,0,0,0,0,0,0,0,0,0,0,0,0,0,0,0,0,0,0,0,0,0,0,0,0
132,144.0,14.0067,7,2,15,14.48,3.04,0,92,190.23,76,6,8,8.7,2.2,6,135,30.9737,15,3,15,10.3,2.19,0,128,0,0,0,0,0,0,0,0,0,0,0,0,0,0,0,0,0,0,0,0,0,0,0,0,0,0,0,0,0,0,0,0,0,0,0,0,0,0,0,0,1,0,0,0,0,0,0,0,1,0,0,0,0,0,0,0,0,0,0,0,0,0,0,0,0,0,0,0,0,0,0,0,0,0,0,0,0,0,0,0,0,0,0,0,0,0,0,0,0,0
133,166.0,12.0107,6,2,14,11.22,2.56,0,77,95.94,42,5,6,7.35,2.16,5,139,30.9737,15,3,15,10.3,2.19,0,128,0,0,0,0,0,0,0,0,0,0,0,0,0,0,0,0,0,0,0,0,0,0,0,0,0,0,0,0,0,0,0,0,0,0,0,0,0,0,0,0,1,0,0,1,0,0,0,0,1,0,0,0,1,0,0,0,0,0,1,0,0,0,0,0,0,0,0,0,0,0,0,0,0,0,0,0,0,0,0,0,0,0,0,0,0,0,1,0,0,0
134,146.0,12.0107,6,2,14,11.22,2.56,0,77,58.933,27,4,9,7.81,1.88,7,125,14.0067,7,2,15,14.48,3.04,0,92,30.9737,15,3,15,10.3,2.19,0,128,0,0,0,0,0,0,0,0,0,0,0,0,0,0,0,0,0,0,0,0,0,0,0,0,0,0,0,0,0,0,0,0,0,1,0,0,0,0,0,0,0,0,0,0,0,0,0,0,0,0,0,0,0,0,0,0,0,0,0,0,0,0,0,0,0,0,0,0,1,0,0,0,0,0,0,0,0,0,0,0,0,0
135,41.0,12.0107,6,2,14,11.22,2.56,0,77,95.94,42,5,6,7.35,2.16,5,139,14.0067,7,2,15,14.48,3.04,0,92,101.07,44,5,8,7.5,2.2,7,134,0,0,0,0,0,0,0,0,0,0,0,0,0,0,0,0,0,0,0,0,0,0,0,0,0,0,0,0,0,0,0,0,1,0,0,1,0,0,0,1,0,0,0,1,1,1,0,0,0,0,0,0,0,0,0,0,0,0,0,0,0,0,0,0,0,0,0,0,0,0,0,0,0,0,0,0,0,0,0,0,0,0
136,56.0,12.0107,6,2,14,11.22,2.56,0,77,190.23,76,6,8,8.7,2.2,6,135,30.9737,15,3,15,10.3,2.19,0,128,0,0,0,0,0,0,0,0,0,0,0,0,0,0,0,0,0,0,0,0,0,0,0,0,0,0,0,0,0,0,0,0,0,0,0,0,0,0,0,0,1,0,0,0,0,0,0,1,1,1,1,1,1,0,0,0,0,0,0,0,0,0,0,0,0,0,0,0,0,0,0,0,0,0,0,0,0,0,0,0,0,0,0,0,0,0,0,0,0,0
137,25.0,12.0107,6,2,14,11.22,2.56,0,77,95.94,42,5,6,7.35,2.16,5,139,14.0067,7,2,15,14.48,3.04,0,92,195.084,78,6,10,8.9,2.28,9,139,0,0,0,0,0,0,0,0,0,0,0,0,0,0,0,0,0,0,0,0,0,0,0,0,0,0,0,0,0,0,0,0,1,0,0,0,0,0,0,0,1,0,0,0,1,0,0,0,0,0,0,0,0,0,0,0,0,0,0,0,0,0,0,0,0,0,1,0,0,0,0,0,0,0,0,0,0,0,0,0,0,0
138,173.0,12.0107,6,2,14,11.22,2.56,0,77,63.546,29,4,11,7.69,1.9,10,128,183.84,74,6,6,7.98,2.36,4,141,0,0,0,0,0,0,0,0,0,0,0,0,0,0,0,0,0,0,0,0,0,0,0,0,0,0,0,0,0,0,0,0,0,0,0,0,0,0,0,0,0,0,0,1,0,0,0,0,1,0,0,0,0,0,0,0,0,0,0,0,0,0,0,0,0,0,0,0,0,0,0,0,0,0,0,0,0,0,0,0,0,0,0,0,1,0,1,0,0,0
139,72.0,58.933,27,4,9,7.81,1.88,7,125,14.0067,7,2,15,14.48,3.04,0,92,95.94,42,5,6,7.35,2.16,5,139,0,0,0,0,0,0,0,0,0,0,0,0,0,0,0,0,0,0,0,0,0,0,0,0,0,0,0,0,0,0,0,0,0,0,0,0,0,0,0,0,0,0,1,1,0,0,0,0,0,0,0,0,1,0,0,0,0,0,0,0,0,0,0,0,0,0,0,0,0,0,0,0,0,0,0,0,0,0,0,0,0,0,0,0,0,0,0,0,0,0
140,248.0,58.933,27,4,9,7.81,1.88,7,125,58.6934,28,4,10,7.61,1.91,8,124,30.9737,15,3,15,10.3,2.19,0,128,0,0,0,0,0,0,0,0,0,0,0,0,0,0,0,0,0,0,0,0,0,0,0,0,0,0,0,0,0,0,0,0,0,0,0,0,0,0,0,0,1,1,0,1,0,0,0,0,0,0,1,0,1,0,0,0,0,0,0,0,0,0,0,0,0,0,0,0,0,0,0,0,0,0,0,0,0,1,0,0,0,1,0,0,0,0,0,0,0,0
141,115.0,58.6934,28,4,10,7.61,1.91,8,124,30.9737,15,3,15,10.3,2.19,0,128,32.065,16,3,16,10.31,2.58,0,127,0,0,0,0,0,0,0,0,0,0,0,0,0,0,0,0,0,0,0,0,0,0,0,0,0,0,0,0,0,0,0,0,0,0,0,0,0,0,0,0,1,1,0,1,0,0,0,0,0,0,0,0,1,0,0,0,0,0,0,0,0,0,0,0,0,0,0,0,0,0,0,0,0,0,0,0,0,0,0,0,0,0,0,0,0,0,1,0,0,0
142,163.0,12.0107,6,2,14,11.22,2.56,0,77,58.933,27,4,9,7.81,1.88,7,125,14.0067,7,2,15,14.48,3.04,0,92,101.07,44,5,8,7.5,2.2,7,134,0,0,0,0,0,0,0,0,0,0,0,0,0,0,0,0,0,0,0,0,0,0,0,0,0,0,0,0,0,0,0,0,0,0,0,1,0,0,0,0,1,0,1,0,0,0,0,0,0,0,0,0,0,0,0,0,0,0,0,0,0,0,0,0,0,0,0,0,0,0,0,1,0,0,0,0,0,0,0,0,0,0
143,16.0,192.217,77,6,9,9.1,2.2,7,136,101.07,44,5,8,7.5,2.2,7,134,0,0,0,0,0,0,0,0,0,0,0,0,0,0,0,0,0,0,0,0,0,0,0,0,0,0,0,0,0,0,0,0,0,0,0,0,0,0,0,0,0,0,0,0,0,0,0,0,0,0,0,1,0,0,0,0,0,0,1,0,0,0,0,0,0,0,0,0,0,0,0,0,0,0,0,0,0,0,0,0,0,0,0,0,0,0,0,0,0,0,0,0,0,0,0,0,1,0
144,209.0,12.0107,6,2,14,11.22,2.56,0,77,95.94,42,5,6,7.35,2.16,5,139,58.6934,28,4,10,7.61,1.91,8,124,32.065,16,3,16,10.31,2.58,0,127,16,8,2,16,13.56,3.44,0,48,0,0,0,0,0,0,0,0,0,0,0,0,0,0,0,0,0,0,0,0,0,0,0,0,0,0,0,1,0,0,0,0,0,0,0,0,1,0,0,0,0,0,0,0,0,0,0,0,0,0,0,0,0,1,0,0,0,0,0,0,0,0,0,0,0,0,0,0,0,0,0,0,0,0
145,176.0,58.933,27,4,9,7.81,1.88,7,125,58.6934,28,4,10,7.61,1.91,8,124,30.9737,15,3,15,10.3,2.19,0,128,0,0,0,0,0,0,0,0,0,0,0,0,0,0,0,0,0,0,0,0,0,0,0,0,0,0,0,0,0,0,0,0,0,0,0,0,0,0,0,0,0,1,0,0,0,0,0,1,0,0,0,0,0,0,0,1,0,0,0,0,0,0,0,0,0,0,0,0,0,0,0,0,0,0,0,0,0,0,0,0,0,0,0,0,0,0,0,0,0,0
146,38.0,30.9737,15,3,15,10.3,2.19,0,128,102.905,45,5,9,7.7,2.28,8,134,0,0,0,0,0,0,0,0,0,0,0,0,0,0,0,0,0,0,0,0,0,0,0,0,0,0,0,0,0,0,0,0,0,0,0,0,0,0,0,0,0,0,0,0,0,0,0,0,1,0,0,1,0,0,0,0,0,0,0,0,0,0,0,0,0,0,0,0,0,0,0,0,0,0,0,0,0,0,0,0,0,0,0,0,0,0,0,0,0,0,0,0,0,0,0,0,0,0
147,88.0,58.933,27,4,9,7.81,1.88,7,125,30.9737,15,3,15,10.3,2.19,0,128,0,0,0,0,0,0,0,0,0,0,0,0,0,0,0,0,0,0,0,0,0,0,0,0,0,0,0,0,0,0,0,0,0,0,0,0,0,0,0,0,0,0,0,0,0,0,0,0,0,0,0,1,0,0,0,0,1,0,0,0,0,0,0,1,0,0,0,0,0,0,0,0,0,0,0,0,0,0,0,0,0,0,0,0,0,0,0,0,0,0,1,0,0,0,0,0,0,0
148,169.0,12.0107,6,2,14,11.22,2.56,0,77,95.94,42,5,6,7.35,2.16,5,139,16,8,2,16,13.56,3.44,0,48,30.9737,15,3,15,10.3,2.19,0,128,0,0,0,0,0,0,0,0,0,0,0,0,0,0,0,0,0,0,0,0,0,0,0,0,0,0,0,0,0,0,0,0,1,1,0,1,0,0,0,1,1,0,0,0,0,1,0,0,0,0,0,0,0,0,0,0,0,0,0,0,0,0,0,0,0,0,0,0,0,0,0,0,0,0,0,0,0,0,0,0,1,0
149,350.0,12.0107,6,2,14,11.22,2.56,0,77,95.94,42,5,6,7.35,2.16,5,139,14.0067,7,2,15,14.48,3.04,0,92,0,0,0,0,0,0,0,0,0,0,0,0,0,0,0,0,0,0,0,0,0,0,0,0,0,0,0,0,0,0,0,0,0,0,0,0,0,0,0,0,1,1,1,1,0,0,0,1,0,0,0,0,1,0,1,0,0,0,0,0,0,0,0,0,0,0,0,0,0,0,0,0,0,0,0,0,0,0,0,0,0,0,0,0,1,0,0,0,0,0
150,104.0,58.6934,28,4,10,7.61,1.91,8,124,30.9737,15,3,15,10.3,2.19,0,128,58.933,27,4,9,7.81,1.88,7,125,55.845,26,4,8,7.83,1.83,6,126,0,0,0,0,0,0,0,0,0,0,0,0,0,0,0,0,0,0,0,0,0,0,0,0,0,0,0,0,0,0,0,0,1,1,0,1,0,0,0,0,0,0,1,0,0,0,0,0,0,0,1,0,0,0,0,0,0,1,0,0,0,0,0,0,0,0,0,0,0,0,0,0,0,0,0,0,0,0,0,0,0,0
151,200.0,12.0107,6,2,14,11.22,2.56,0,77,58.6934,28,4,10,7.61,1.91,8,124,95.94,42,5,6,7.35,2.16,5,139,32.065,16,3,16,10.31,2.58,0,127,0,0,0,0,0,0,0,0,0,0,0,0,0,0,0,0,0,0,0,0,0,0,0,0,0,0,0,0,0,0,0,0,0,0,1,1,0,0,0,1,0,0,0,0,0,0,0,0,0,0,0,0,0,0,0,0,0,0,0,0,0,0,0,0,0,0,0,0,0,0,0,0,0,1,0,0,0,0,0,0,0,0
152,100.0,58.6934,28,4,10,7.61,1.91,8,124,16,8,2,16,13.56,3.44,0,48,50.942,23,4,5,6.76,1.63,3,134,0,0,0,0,0,0,0,0,0,0,0,0,0,0,0,0,0,0,0,0,0,0,0,0,0,0,0,0,0,0,0,0,0,0,0,0,0,0,0,0,0,1,0,1,0,0,0,0,0,0,0,0,1,0,0,0,0,0,0,0,0,0,0,0,0,0,0,0,0,0,0,0,0,0,0,0,0,0,0,0,0,0,0,0,0,0,0,0,0,0
153,190.0,79.904,35,4,17,11.8,2.96,10,115,58.933,27,4,9,7.81,1.88,7,125,55.845,26,4,8,7.83,1.83,6,126,14.0067,7,2,15,14.48,3.04,0,92,58.6934,28,4,10,7.61,1.91,8,124,183.84,74,6,6,7.98,2.36,4,141,0,0,0,0,0,0,0,0,0,0,0,0,0,0,0,0,0,1,0,1,0,0,0,0,0,0,0,0,0,0,0,0,0,0,0,0,0,0,0,0,0,0,0,0,0,0,0,0,0,0,0,0,0,0,0,0,0,0,0,0,0,0,0,0,1,0
154,21.6,30.9737,15,3,15,10.3,2.19,0,128,101.07,44,5,8,7.5,2.2,7,134,58.933,27,4,9,7.81,1.88,7,125,0,0,0,0,0,0,0,0,0,0,0,0,0,0,0,0,0,0,0,0,0,0,0,0,0,0,0,0,0,0,0,0,0,0,0,0,0,0,0,0,1,1,1,0,0,0,0,1,0,1,0,0,0,0,0,1,1,0,0,0,0,0,0,0,0,0,0,0,0,0,0,0,0,0,0,0,0,0,0,0,0,0,0,0,0,0,0,0,0,0
155,230.0,12.0107,6,2,14,11.22,2.56,0,77,95.94,42,5,6,7.35,2.16,5,139,32.065,16,3,16,10.31,2.58,0,127,0,0,0,0,0,0,0,0,0,0,0,0,0,0,0,0,0,0,0,0,0,0,0,0,0,0,0,0,0,0,0,0,0,0,0,0,0,0,0,0,0,0,1,1,1,0,0,0,0,0,0,0,0,0,0,0,0,0,0,0,0,0,0,0,0,0,0,0,0,0,0,0,0,0,0,0,1,0,0,0,0,1,0,0,0,0,0,0,0,0
156,143.0,12.0107,6,2,14,11.22,2.56,0,77,58.933,27,4,9,7.81,1.88,7,125,63.546,29,4,11,7.69,1.9,10,128,16,8,2,16,13.56,3.44,0,48,0,0,0,0,0,0,0,0,0,0,0,0,0,0,0,0,0,0,0,0,0,0,0,0,0,0,0,0,0,0,0,0,0,1,0,1,0,0,0,1,0,0,0,0,0,0,0,1,1,0,0,0,0,0,0,0,0,0,0,0,0,0,0,0,0,0,0,0,1,0,0,0,0,0,0,0,0,0,0,0,0,0
157,82.0,183.84,74,6,6,7.98,2.36,4,141,95.94,42,5,6,7.35,2.16,5,139,30.9737,15,3,15,10.3,2.19,0,128,0,0,0,0,0,0,0,0,0,0,0,0,0,0,0,0,0,0,0,0,0,0,0,0,0,0,0,0,0,0,0,0,0,0,0,0,0,0,0,0,1,0,0,1,0,0,0,0,0,0,0,0,0,0,0,1,1,0,0,0,0,0,0,0,0,0,0,0,0,0,0,0,0,0,0,0,0,0,0,0,0,0,0,0,0,0,0,0,0,0
158,126.0,12.0107,6,2,14,11.22,2.56,0,77,95.94,42,5,6,7.35,2.16,5,139,58.6934,28,4,10,7.61,1.91,8,124,30.9737,15,3,15,10.3,2.19,0,128,101.07,44,5,8,7.5,2.2,7,134,14.0067,7,2,15,14.48,3.04,0,92,0,0,0,0,0,0,0,0,0,0,0,0,0,0,0,0,1,1,0,0,0,0,0,1,0,0,0,0,0,0,0,0,0,0,0,0,0,0,0,0,0,0,0,0,0,0,0,0,0,0,0,0,0,0,0,0,0,1,0,0,0,0,0,0,0,0
159,102.0,58.933,27,4,9,7.81,1.88,7,125,54.938,25,4,7,7.4,1.56,5,127,16,8,2,16,13.56,3.44,0,48,30.9737,15,3,15,10.3,2.19,0,128,0,0,0,0,0,0,0,0,0,0,0,0,0,0,0,0,0,0,0,0,0,0,0,0,0,0,0,0,0,0,0,0,0,1,0,1,0,0,0,0,0,0,0,0,0,0,0,0,0,0,0,0,0,0,0,0,0,0,0,0,0,0,0,0,0,0,0,0,0,0,0,0,0,1,0,0,0,0,0,0,0,0
160,72.0,12.0107,6,2,14,11.22,2.56,0,77,14.0067,7,2,15,14.48,3.04,0,92,101.07,44,5,8,7.5,2.2,7,134,0,0,0,0,0,0,0,0,0,0,0,0,0,0,0,0,0,0,0,0,0,0,0,0,0,0,0,0,0,0,0,0,0,0,0,0,0,0,0,0,1,0,0,0,0,0,0,0,1,0,0,0,0,0,0,0,0,0,0,0,0,0,0,0,0,0,0,0,0,1,0,0,0,0,0,0,0,0,0,0,0,0,0,0,0,0,0,0,0,0
161,104.0,12.0107,6,2,14,11.22,2.56,0,77,95.94,42,5,6,7.35,2.16,5,139,0,0,0,0,0,0,0,0,0,0,0,0,0,0,0,0,0,0,0,0,0,0,0,0,0,0,0,0,0,0,0,0,0,0,0,0,0,0,0,0,0,0,0,0,0,0,0,0,0,1,1,1,0,0,0,0,0,0,0,0,1,0,0,0,0,0,0,0,0,0,0,0,0,0,0,0,0,0,0,0,0,0,0,0,0,0,0,0,0,0,0,0,0,0,0,0,0,0
162,85.0,12.0107,6,2,14,11.22,2.56,0,77,102.905,45,5,9,7.7,2.28,8,134,30.9737,15,3,15,10.3,2.19,0,128,14.0067,7,2,15,14.48,3.04,0,92,0,0,0,0,0,0,0,0,0,0,0,0,0,0,0,0,0,0,0,0,0,0,0,0,0,0,0,0,0,0,0,0,1,0,0,0,0,0,0,0,0,0,0,0,1,0,0,0,0,0,0,0,0,0,0,0,0,0,0,0,0,0,0,0,0,0,0,0,0,0,0,0,0,0,0,0,1,0,0,0,0,0
163,76.0,12.0107,6,2,14,11.22,2.56,0,77,55.845,26,4,8,7.83,1.83,6,126,95.94,42,5,6,7.35,2.16,5,139,14.0067,7,2,15,14.48,3.04,0,92,58.6934,28,4,10,7.61,1.91,8,124,30.9737,15,3,15,10.3,2.19,0,128,32.065,16,3,16,10.31,2.58,0,127,0,0,0,0,0,0,0,0,1,0,1,0,0,0,0,1,0,0,0,0,1,0,0,0,0,0,0,1,0,0,0,0,0,0,0,0,0,0,0,0,0,0,0,0,0,0,0,0,0,0,0,0,0,0,0,0,0,0
164,146.0,58.933,27,4,9,7.81,1.88,7,125,58.6934,28,4,10,7.61,1.91,8,124,16,8,2,16,13.56,3.44,0,48,32.065,16,3,16,10.31,2.58,0,127,183.84,74,6,6,7.98,2.36,4,141,0,0,0,0,0,0,0,0,0,0,0,0,0,0,0,0,0,0,0,0,0,0,0,0,0,0,1,0,0,0,0,0,0,0,0,0,1,0,0,0,0,0,0,0,0,0,0,0,0,0,0,0,0,0,0,0,0,0,0,0,0,0,0,0,0,0,0,0,0,0,0,0,0,0
165,57.0,63.546,29,4,11,7.69,1.9,10,128,102.905,45,5,9,7.7,2.28,8,134,0,0,0,0,0,0,0,0,0,0,0,0,0,0,0,0,0,0,0,0,0,0,0,0,0,0,0,0,0,0,0,0,0,0,0,0,0,0,0,0,0,0,0,0,0,0,0,0,0,0,0,1,0,0,0,0,0,0,1,0,0,0,0,0,0,0,0,0,0,0,0,0,0,0,0,0,0,0,0,0,0,0,0,0,0,0,0,0,0,0,0,0,0,0,0,0,1,0
166,290.0,14.0067,7,2,15,14.48,3.04,0,92,12.0107,6,2,14,11.22,2.56,0,77,16,8,2,16,13.56,3.44,0,48,63.546,29,4,11,7.69,1.9,10,128,0,0,0,0,0,0,0,0,0,0,0,0,0,0,0,0,0,0,0,0,0,0,0,0,0,0,0,0,0,0,0,0,0,0,0,0,0,0,0,1,0,0,0,0,0,1,0,0,0,0,0,0,0,0,0,0,0,0,0,0,0,0,0,0,0,0,0,0,0,0,0,0,0,0,0,0,0,0,0,0,0,0
167,261.0,63.546,29,4,11,7.69,1.9,10,128,0,0,0,0,0,0,0,0,0,0,0,0,0,0,0,0,0,0,0,0,0,0,0,0,0,0,0,0,0,0,0,0,0,0,0,0,0,0,0,0,0,0,0,0,0,0,0,0,0,0,0,0,0,0,0,0,0,1,0,1,0,0,0,0,0,0,0,0,0,0,0,0,0,0,0,0,0,0,0,0,0,0,0,1,0,0,0,0,0,0,0,0,0,0,0,0,0,0,0,1,0,0,0,0,0,0
168,80.0,63.546,29,4,11,7.69,1.9,10,128,101.07,44,5,8,7.5,2.2,7,134,16,8,2,16,13.56,3.44,0,48,0,0,0,0,0,0,0,0,0,0,0,0,0,0,0,0,0,0,0,0,0,0,0,0,0,0,0,0,0,0,0,0,0,0,0,0,0,0,0,0,0,1,0,1,0,0,0,1,0,0,0,0,0,0,0,0,0,0,0,1,0,0,0,0,0,1,0,0,0,0,0,0,0,0,0,0,0,0,0,0,0,0,0,0,0,0,0,0,0,0
169,34.0,58.6934,28,4,10,7.61,1.91,8,124,30.9737,15,3,15,10.3,2.19,0,128,32.065,16,3,16,10.31,2.58,0,127,0,0,0,0,0,0,0,0,0,0,0,0,0,0,0,0,0,0,0,0,0,0,0,0,0,0,0,0,0,0,0,0,0,0,0,0,0,0,0,0,0,1,0,1,0,0,0,0,0,0,0,0,1,0,0,0,0,0,0,0,0,0,0,0,0,0,0,0,0,0,0,0,0,0,0,0,0,1,0,0,0,0,0,0,0,0,0,0,1,0
170,125.0,12.0107,6,2,14,11.22,2.56,0,77,14.0067,7,2,15,14.48,3.04,0,92,195.084,78,6,10,8.9,2.28,9,139,0,0,0,0,0,0,0,0,0,0,0,0,0,0,0,0,0,0,0,0,0,0,0,0,0,0,0,0,0,0,0,0,0,0,0,0,0,0,0,0,1,0,0,1,0,0,0,0,0,0,0,1,0,0,0,0,0,0,0,0,0,0,0,0,0,0,0,0,0,0,0,0,1,0,0,1,0,1,0,0,0,0,0,0,0,0,0,0,0,0
171,62.8,12.0107,6,2,14,11.22,2.56,0,77,16,8,2,16,13.56,3.44,0,48,63.546,29,4,11,7.69,1.9,10,128,78.96,34,4,16,9.5,2.55,10,140,0,0,0,0,0,0,0,0,0,0,0,0,0,0,0,0,0,0,0,0,0,0,0,0,0,0,0,0,0,0,0,0,0,1,1,1,0,0,0,0,0,0,0,0,1,0,0,0,0,0,0,0,0,0,0,0,0,0,0,0,0,0,0,0,0,0,0,0,0,0,0,0,0,0,0,0,0,0,1,0,0,0
172,102.0,12.0107,6,2,14,11.22,2.56,0,77,58.933,27,4,9,7.81,1.88,7,125,30.9737,15,3,15,10.3,2.19,0,128,183.84,74,6,6,7.98,2.36,4,141,0,0,0,0,0,0,0,0,0,0,0,0,0,0,0,0,0,0,0,0,0,0,0,0,0,0,0,0,0,0,0,0,0,1,1,0,0,0,0,1,0,0,0,0,1,0,0,0,0,0,0,0,0,0,0,0,0,0,0,0,0,0,0,0,0,0,0,0,1,0,0,0,0,0,0,0,0,0,0,0,0,0
173,96.0,12.0107,6,2,14,11.22,2.56,0,77,30.9737,15,3,15,10.3,2.19,0,128,32.065,16,3,16,10.31,2.58,0,127,95.94,42,5,6,7.35,2.16,5,139,0,0,0,0,0,0,0,0,0,0,0,0,0,0,0,0,0,0,0,0,0,0,0,0,0,0,0,0,0,0,0,0,0,0,1,0,0,0,0,1,0,0,0,0,1,0,0,0,0,0,0,1,0,0,0,0,0,0,0,0,0,0,0,0,0,0,0,0,1,0,0,0,0,0,0,0,0,0,0,0,0,0
174,4.8,107.868,47,5,11,7.54,1.93,10,144,195.084,78,6,10,8.9,2.28,9,139,106.42,46,5,10,8.3,2.2,10,137,0,0,0,0,0,0,0,0,0,0,0,0,0,0,0,0,0,0,0,0,0,0,0,0,0,0,0,0,0,0,0,0,0,0,0,0,0,0,0,0,0,1,0,1,0,0,0,1,1,0,1,0,1,0,0,0,0,0,0,0,0,0,0,0,0,1,0,0,0,0,0,0,0,0,0,0,0,0,0,0,0,0,0,0,0,0,0,0,0,0
175,314.0,12.0107,6,2,14,11.22,2.56,0,77,58.933,27,4,9,7.81,1.88,7,125,55.845,26,4,8,7.83,1.83,6,126,16,8,2,16,13.56,3.44,0,48,0,0,0,0,0,0,0,0,0,0,0,0,0,0,0,0,0,0,0,0,0,0,0,0,0,0,0,0,0,0,0,0,1,1,0,1,0,0,0,0,0,0,0,0,0,0,0,0,1,0,0,0,0,1,0,0,0,0,0,0,0,0,0,0,0,0,0,0,0,0,0,1,0,0,0,0,0,0,0,0,0,0
176,98.0,195.084,78,6,10,8.9,2.28,9,139,55.845,26,4,8,7.83,1.83,6,126,14.0067,7,2,15,14.48,3.04,0,92,58.6934,28,4,10,7.61,1.91,8,124,32.065,16,3,16,10.31,2.58,0,127,0,0,0,0,0,0,0,0,0,0,0,0,0,0,0,0,0,0,0,0,0,0,0,0,1,0,0,0,0,0,0,0,0,0,0,0,0,0,0,0,0,0,0,0,0,0,0,0,0,1,0,0,0,0,0,0,0,0,0,0,0,0,0,0,0,0,0,0,0,0,0,0,0,0
177,51.0,12.0107,6,2,14,11.22,2.56,0,77,192.217,77,6,9,9.1,2.2,7,136,30.9737,15,3,15,10.3,2.19,0,128,106.42,46,5,10,8.3,2.2,10,137,102.905,45,5,9,7.7,2.28,8,134,101.07,44,5,8,7.5,2.2,7,134,0,0,0,0,0,0,0,0,0,0,0,0,0,0,0,0,0,0,0,0,0,0,0,0,0,0,0,0,0,1,0,0,0,0,0,1,0,0,0,0,0,0,0,0,0,1,0,0,0,0,0,0,0,0,0,0,0,0,0,0,1,0,0,0,0,0
178,88.0,12.0107,6,2,14,11.22,2.56,0,77,58.933,27,4,9,7.81,1.88,7,125,14.0067,7,2,15,14.48,3.04,0,92,101.07,44,5,8,7.5,2.2,7,134,0,0,0,0,0,0,0,0,0,0,0,0,0,0,0,0,0,0,0,0,0,0,0,0,0,0,0,0,0,0,0,0,0,0,0,1,0,0,0,0,0,0,1,0,0,0,0,1,0,0,0,0,0,0,0,0,0,0,0,0,0,1,0,0,0,0,0,0,0,0,0,0,0,0,0,0,0,0,0,0,0,0
179,12.0,16,8,2,16,13.56,3.44,0,48,12.0107,6,2,14,11.22,2.56,0,77,50.942,23,4,5,6.76,1.63,3,134,101.07,44,5,8,7.5,2.2,7,134,0,0,0,0,0,0,0,0,0,0,0,0,0,0,0,0,0,0,0,0,0,0,0,0,0,0,0,0,0,0,0,0,1,0,0,1,0,0,0,1,0,0,0,0,1,0,0,0,0,0,0,0,0,0,0,0,0,0,0,0,1,0,0,0,0,0,0,0,0,0,0,0,0,0,0,0,1,0,0,0,0,0
180,72.0,140.116,58,6,3,6.91,1.12,1,181,58.933,27,4,9,7.81,1.88,7,125,14.0067,7,2,15,14.48,3.04,0,92,30.9737,15,3,15,10.3,2.19,0,128,0,0,0,0,0,0,0,0,0,0,0,0,0,0,0,0,0,0,0,0,0,0,0,0,0,0,0,0,0,0,0,0,0,1,0,1,0,0,0,0,0,0,0,0,1,0,0,0,0,0,0,0,0,0,0,0,0,0,0,0,0,0,0,0,0,0,0,0,0,0,0,0,0,0,0,0,0,0,0,0,0,0
181,84.6,30.9737,15,3,15,10.3,2.19,0,128,106.42,46,5,10,8.3,2.2,10,137,12.0107,6,2,14,11.22,2.56,0,77,0,0,0,0,0,0,0,0,0,0,0,0,0,0,0,0,0,0,0,0,0,0,0,0,0,0,0,0,0,0,0,0,0,0,0,0,0,0,0,0,0,0,0,0,0,0,0,0,0,0,0,0,0,0,0,0,0,0,0,0,0,0,0,0,0,0,0,0,0,0,0,0,0,0,0,0,0,0,0,0,0,0,0,0,0,0,0,0,0,0
182,22.0,58.6934,28,4,10,7.61,1.91,8,124,195.084,78,6,10,8.9,2.28,9,139,183.84,74,6,6,7.98,2.36,4,141,16,8,2,16,13.56,3.44,0,48,0,0,0,0,0,0,0,0,0,0,0,0,0,0,0,0,0,0,0,0,0,0,0,0,0,0,0,0,0,0,0,0,0,0,0,1,1,0,0,0,0,0,0,0,1,0,0,0,0,0,0,0,0,0,0,0,0,1,0,0,0,0,0,0,0,0,0,0,0,0,0,0,0,0,0,0,0,0,0,0,0,0
183,35.0,190.23,76,6,8,8.7,2.2,6,135,106.42,46,5,10,8.3,2.2,10,137,0,0,0,0,0,0,0,0,0,0,0,0,0,0,0,0,0,0,0,0,0,0,0,0,0,0,0,0,0,0,0,0,0,0,0,0,0,0,0,0,0,0,0,0,0,0,0,0,0,0,0,1,1,0,0,0,0,0,0,0,0,0,0,0,0,0,0,0,0,0,0,0,0,0,0,0,0,0,0,0,0,0,0,0,0,0,0,0,0,0,0,0,0,0,0,0,0,0
184,358.0,95.94,42,5,6,7.35,2.16,5,139,32.065,16,3,16,10.31,2.58,0,127,14.0067,7,2,15,14.48,3.04,0,92,12.0107,6,2,14,11.22,2.56,0,77,0,0,0,0,0,0,0,0,0,0,0,0,0,0,0,0,0,0,0,0,0,0,0,0,0,0,0,0,0,0,0,0,1,0,0,1,0,0,0,0,0,1,0,0,0,0,0,0,0,0,0,0,0,0,0,0,0,0,0,0,0,0,0,0,0,0,0,0,0,0,0,0,0,0,0,0,1,0,0,0,0,0
185,87.0,12.0107,6,2,14,11.22,2.56,0,77,55.845,26,4,8,7.83,1.83,6,126,58.6934,28,4,10,7.61,1.91,8,124,0,0,0,0,0,0,0,0,0,0,0,0,0,0,0,0,0,0,0,0,0,0,0,0,0,0,0,0,0,0,0,0,0,0,0,0,0,0,0,0,0,0,1,1,0,0,0,0,0,0,0,0,0,0,0,0,0,0,0,0,0,0,0,0,0,0,0,0,0,0,0,0,0,0,0,0,1,0,0,0,0,1,0,0,0,0,0,0,0,0
186,38.0,12.0107,6,2,14,11.22,2.56,0,77,30.9737,15,3,15,10.3,2.19,0,128,14.0067,7,2,15,14.48,3.04,0,92,102.905,45,5,9,7.7,2.28,8,134,0,0,0,0,0,0,0,0,0,0,0,0,0,0,0,0,0,0,0,0,0,0,0,0,0,0,0,0,0,0,0,0,1,1,0,1,0,0,0,0,1,0,0,0,1,0,0,0,0,0,0,0,0,0,0,0,0,0,0,0,0,0,0,0,0,0,0,0,0,0,0,0,0,0,0,0,0,0,0,0,0,0
187,159.0,95.94,42,5,6,7.35,2.16,5,139,58.6934,28,4,10,7.61,1.91,8,124,32.065,16,3,16,10.31,2.58,0,127,0,0,0,0,0,0,0,0,0,0,0,0,0,0,0,0,0,0,0,0,0,0,0,0,0,0,0,0,0,0,0,0,0,0,0,0,0,0,0,0,0,1,0,1,0,0,0,0,0,0,0,0,1,0,0,0,0,0,0,0,0,0,0,0,0,0,0,0,0,0,0,0,0,0,0,0,0,0,0,0,0,0,0,0,0,0,0,0,0,0
188,118.0,12.0107,6,2,14,11.22,2.56,0,77,14.0067,7,2,15,14.48,3.04,0,92,58.6934,28,4,10,7.61,1.91,8,124,58.933,27,4,9,7.81,1.88,7,125,0,0,0,0,0,0,0,0,0,0,0,0,0,0,0,0,0,0,0,0,0,0,0,0,0,0,0,0,0,0,0,0,0,1,1,1,0,0,0,1,0,0,0,0,0,0,0,0,0,0,0,0,0,0,0,0,0,0,0,0,0,0,0,0,0,0,0,0,0,0,0,0,0,0,0,0,0,0,1,0,0,0
189,44.0,58.933,27,4,9,7.81,1.88,7,125,14.0067,7,2,15,14.48,3.04,0,92,101.07,44,5,8,7.5,2.2,7,134,0,0,0,0,0,0,0,0,0,0,0,0,0,0,0,0,0,0,0,0,0,0,0,0,0,0,0,0,0,0,0,0,0,0,0,0,0,0,0,0,1,0,1,0,0,0,0,1,0,0,1,0,1,0,0,0,0,0,0,0,0,0,0,0,0,0,0,0,0,0,0,0,0,0,0,0,0,0,0,0,0,0,0,0,0,0,0,0,0,0
190,72.0,10.811,5,2,13,8.33,2.04,0,98,12.0107,6,2,14,11.22,2.56,0,77,55.845,26,4,8,7.83,1.83,6,126,14.0067,7,2,15,14.48,3.04,0,92,195.084,78,6,10,8.9,2.28,9,139,0,0,0,0,0,0,0,0,0,0,0,0,0,0,0,0,0,0,0,0,0,0,0,0,1,1,0,0,0,0,0,0,0,0,1,0,1,0,0,0,0,0,0,0,0,0,0,0,0,0,0,0,0,0,0,0,0,0,0,0,0,0,0,0,0,0,0,0,0,0,0,0,0,0
191,49.0,30.9737,15,3,15,10.3,2.19,0,128,102.905,45,5,9,7.7,2.28,8,134,127.6,52,52,5,16,9.0096,2.1,10,0,0,0,0,0,0,0,0,0,0,0,0,0,0,0,0,0,0,0,0,0,0,0,0,0,0,0,0,0,0,0,0,0,0,0,0,0,0,0,0,0,0,0,1,0,0,0,1,0,1,0,0,0,0,0,0,0,0,0,0,0,0,0,0,0,0,0,0,0,0,0,0,0,0,0,0,0,0,0,0,0,0,0,0,0,0,0,0,0,0
192,22.0,12.0107,6,2,14,11.22,2.56,0,77,14.0067,7,2,15,14.48,3.04,0,92,30.9737,15,3,15,10.3,2.19,0,128,101.07,44,5,8,7.5,2.2,7,134,95.94,42,5,6,7.35,2.16,5,139,0,0,0,0,0,0,0,0,0,0,0,0,0,0,0,0,0,0,0,0,0,0,0,0,1,0,1,0,0,0,0,0,0,0,0,0,0,0,0,0,0,0,0,0,0,0,0,0,0,0,0,0,0,0,0,0,0,0,0,0,0,0,0,0,0,1,0,0,0,0,0,0,0,0
193,80.0,12.0107,6,2,14,11.22,2.56,0,77,58.6934,28,4,10,7.61,1.91,8,124,101.07,44,5,8,7.5,2.2,7,134,0,0,0,0,0,0,0,0,0,0,0,0,0,0,0,0,0,0,0,0,0,0,0,0,0,0,0,0,0,0,0,0,0,0,0,0,0,0,0,0,1,0,0,1,0,0,0,0,1,0,0,0,1,0,0,1,0,0,0,0,0,0,0,0,0,0,0,0,0,0,0,0,0,0,0,0,0,0,0,0,0,0,0,0,0,0,0,0,0,0
194,106.0,58.933,27,4,9,7.81,1.88,7,125,63.546,29,4,11,7.69,1.9,10,128,78.96,34,4,16,9.5,2.55,10,140,0,0,0,0,0,0,0,0,0,0,0,0,0,0,0,0,0,0,0,0,0,0,0,0,0,0,0,0,0,0,0,0,0,0,0,0,0,0,0,0,0,0,1,1,0,0,0,0,1,0,0,0,0,1,0,0,0,0,0,0,0,0,0,0,0,0,0,0,0,0,0,0,0,0,0,0,0,0,0,0,0,0,0,0,0,0,0,0,0,0
195,113.38,12.0107,6,2,14,11.22,2.56,0,77,58.6934,28,4,10,7.61,1.91,8,124,16,8,2,16,13.56,3.44,0,48,30.9737,15,3,15,10.3,2.19,0,128,101.07,44,5,8,7.5,2.2,7,134,0,0,0,0,0,0,0,0,0,0,0,0,0,0,0,0,0,0,0,0,0,0,0,0,1,0,0,1,0,0,0,0,0,0,0,0,0,0,0,0,0,0,0,0,0,0,0,0,0,0,0,0,0,1,0,0,0,0,0,0,0,0,0,0,0,0,0,0,0,0,0,0,0,0
196,190.0,12.0107,6,2,14,11.22,2.56,0,77,58.933,27,4,9,7.81,1.88,7,125,30.9737,15,3,15,10.3,2.19,0,128,14.0067,7,2,15,14.48,3.04,0,92,0,0,0,0,0,0,0,0,0,0,0,0,0,0,0,0,0,0,0,0,0,0,0,0,0,0,0,0,0,0,0,0,0,1,0,1,0,0,0,0,0,0,0,1,0,1,0,0,0,0,0,0,0,0,0,0,0,0,0,0,0,0,0,0,1,0,0,0,0,0,0,0,0,0,0,0,0,0,0,0,0,0
197,151.0,58.933,27,4,9,7.81,1.88,7,125,63.546,29,4,11,7.69,1.9,10,128,58.6934,28,4,10,7.61,1.91,8,124,30.9737,15,3,15,10.3,2.19,0,128,14.0067,7,2,15,14.48,3.04,0,92,12.0107,6,2,14,11.22,2.56,0,77,0,0,0,0,0,0,0,0,0,0,0,0,0,0,0,0,0,1,1,0,0,0,0,0,0,0,0,0,0,0,0,0,0,0,0,0,0,0,0,0,0,0,0,0,0,0,0,0,0,0,0,0,0,0,0,0,0,0,0,0,0,0,0,0,0,0
198,41.0,63.546,29,4,11,7.69,1.9,10,128,101.07,44,5,8,7.5,2.2,7,134,0,0,0,0,0,0,0,0,0,0,0,0,0,0,0,0,0,0,0,0,0,0,0,0,0,0,0,0,0,0,0,0,0,0,0,0,0,0,0,0,0,0,0,0,0,0,0,0,0,1,0,1,0,0,0,1,0,0,1,0,1,0,0,0,0,0,0,0,0,0,0,0,0,0,0,0,0,0,0,0,0,0,0,0,0,0,0,0,0,0,0,0,0,0,0,0,0,0
199,50.0,12.0107,6,2,14,11.22,2.56,0,77,58.933,27,4,9,7.81,1.88,7,125,54.938,25,4,7,7.4,1.56,5,127,101.07,44,5,8,7.5,2.2,7,134,14.0067,7,2,15,14.48,3.04,0,92,0,0,0,0,0,0,0,0,0,0,0,0,0,0,0,0,0,0,0,0,0,0,0,0,1,0,0,1,0,0,0,0,0,0,1,0,0,0,0,1,0,0,0,0,0,0,0,0,0,0,0,0,0,0,0,0,0,0,0,0,0,0,0,0,0,0,0,0,0,0,0,0,0,0
200,115.0,12.0107,6,2,14,11.22,2.56,0,77,30.9737,15,3,15,10.3,2.19,0,128,186.207,75,6,7,7.88,1.9,5,137,101.07,44,5,8,7.5,2.2,7,134,0,0,0,0,0,0,0,0,0,0,0,0,0,0,0,0,0,0,0,0,0,0,0,0,0,0,0,0,0,0,0,0,1,1,0,0,0,0,0,1,0,0,0,0,0,0,0,0,0,0,0,0,0,0,0,0,0,0,0,0,0,0,0,0,0,0,0,0,0,0,0,0,0,0,0,0,0,0,0,0,0,0
201,103.0,12.0107,6,2,14,11.22,2.56,0,77,16,8,2,16,13.56,3.44,0,48,32.065,16,3,16,10.31,2.58,0,127,14.0067,7,2,15,14.48,3.04,0,92,58.933,27,4,9,7.81,1.88,7,125,0,0,0,0,0,0,0,0,0,0,0,0,0,0,0,0,0,0,0,0,0,0,0,0,0,0,0,0,0,0,0,0,0,0,0,0,1,0,0,0,0,0,0,0,0,0,0,0,0,0,0,0,0,0,0,0,0,0,0,0,1,0,0,0,0,0,0,0,0,0,0,0,0,0
202,535.0,95.94,42,5,6,7.35,2.16,5,139,58.6934,28,4,10,7.61,1.91,8,124,30.9737,15,3,15,10.3,2.19,0,128,32.065,16,3,16,10.31,2.58,0,127,0,0,0,0,0,0,0,0,0,0,0,0,0,0,0,0,0,0,0,0,0,0,0,0,0,0,0,0,0,0,0,0,0,1,1,1,0,0,0,1,0,0,0,0,1,0,0,0,0,0,0,0,0,0,0,0,0,0,0,0,0,0,0,0,0,0,0,0,0,0,0,0,0,0,0,0,0,0,0,0,0,0
203,95.0,12.0107,6,2,14,11.22,2.56,0,77,58.933,27,4,9,7.81,1.88,7,125,58.6934,28,4,10,7.61,1.91,8,124,30.9737,15,3,15,10.3,2.19,0,128,0,0,0,0,0,0,0,0,0,0,0,0,0,0,0,0,0,0,0,0,0,0,0,0,0,0,0,0,0,0,0,0,1,0,1,0,0,0,0,0,0,0,0,0,1,0,0,0,0,0,0,0,0,0,0,0,0,0,0,0,0,1,0,0,0,0,0,0,1,0,0,0,0,0,0,0,0,0,0,0,0,0
204,229.0,12.0107,6,2,14,11.22,2.56,0,77,16,8,2,16,13.56,3.44,0,48,58.6934,28,4,10,7.61,1.91,8,124,95.94,42,5,6,7.35,2.16,5,139,32.065,16,3,16,10.31,2.58,0,127,0,0,0,0,0,0,0,0,0,0,0,0,0,0,0,0,0,0,0,0,0,0,0,0,0,0,0,0,0,0,0,0,0,0,0,0,1,0,0,0,0,0,0,0,0,0,0,0,0,0,0,0,0,1,0,0,0,0,0,0,0,0,0,0,0,0,0,0,0,0,0,0,0,0
205,96.0,58.933,27,4,9,7.81,1.88,7,125,63.546,29,4,11,7.69,1.9,10,128,30.9737,15,3,15,10.3,2.19,0,128,0,0,0,0,0,0,0,0,0,0,0,0,0,0,0,0,0,0,0,0,0,0,0,0,0,0,0,0,0,0,0,0,0,0,0,0,0,0,0,0,0,0,0,0,0,0,0,0,0,0,0,0,1,0,0,0,0,0,0,0,0,0,0,0,0,0,0,0,0,0,0,0,0,0,0,0,0,0,0,0,0,0,0,0,0,0,0,0,0,0
206,130.0,12.0107,6,2,14,11.22,2.56,0,77,30.9737,15,3,15,10.3,2.19,0,128,102.905,45,5,9,7.7,2.28,8,134,0,0,0,0,0,0,0,0,0,0,0,0,0,0,0,0,0,0,0,0,0,0,0,0,0,0,0,0,0,0,0,0,0,0,0,0,0,0,0,0,1,0,0,0,0,0,0,0,1,0,0,1,1,1,0,0,0,0,0,0,0,0,0,0,0,0,0,0,0,0,0,0,0,0,0,0,0,0,0,1,0,0,0,0,0,0,0,0,0,0
207,185.0,12.0107,6,2,14,11.22,2.56,0,77,16,8,2,16,13.56,3.44,0,48,30.9737,15,3,15,10.3,2.19,0,128,183.84,74,6,6,7.98,2.36,4,141,14.0067,7,2,15,14.48,3.04,0,92,0,0,0,0,0,0,0,0,0,0,0,0,0,0,0,0,0,0,0,0,0,0,0,0,0,0,0,0,0,0,0,0,1,0,0,1,0,0,0,0,0,0,1,0,0,0,0,0,0,0,0,0,0,0,0,0,0,0,0,0,0,0,0,0,0,0,0,0,0,0,0,0,0,0
208,210.0,12.0107,6,2,14,11.22,2.56,0,77,32.065,16,3,16,10.31,2.58,0,127,50.942,23,4,5,6.76,1.63,3,134,58.933,27,4,9,7.81,1.88,7,125,14.0067,7,2,15,14.48,3.04,0,92,0,0,0,0,0,0,0,0,0,0,0,0,0,0,0,0,0,0,0,0,0,0,0,0,1,1,0,0,0,0,0,1,0,0,0,0,0,0,0,0,0,0,0,0,0,0,0,0,0,0,0,0,0,0,0,0,0,0,0,0,0,0,0,0,0,0,0,0,0,0,0,0,0,0
209,67.1,12.0107,6,2,14,11.22,2.56,0,77,95.94,42,5,6,7.35,2.16,5,139,30.9737,15,3,15,10.3,2.19,0,128,101.07,44,5,8,7.5,2.2,7,134,0,0,0,0,0,0,0,0,0,0,0,0,0,0,0,0,0,0,0,0,0,0,0,0,0,0,0,0,0,0,0,0,0,1,0,1,0,0,0,0,0,0,0,0,0,0,0,0,0,0,0,0,0,0,0,0,0,0,0,0,0,0,0,0,0,0,0,0,0,0,0,1,0,0,0,0,0,0,0,0,0,0
210,136.0,12.0107,6,2,14,11.22,2.56,0,77,95.94,42,5,6,7.35,2.16,5,139,0,0,0,0,0,0,0,0,0,0,0,0,0,0,0,0,0,0,0,0,0,0,0,0,0,0,0,0,0,0,0,0,0,0,0,0,0,0,0,0,0,0,0,0,0,0,0,0,1,0,1,0,0,0,0,0,0,0,0,0,1,0,0,0,0,0,0,0,0,0,0,0,0,0,0,0,0,0,0,0,0,0,0,0,0,0,0,0,0,0,0,0,1,0,0,0,0,0
211,110.0,12.0107,6,2,14,11.22,2.56,0,77,30.9737,15,3,15,10.3,2.19,0,128,58.6934,28,4,10,7.61,1.91,8,124,0,0,0,0,0,0,0,0,0,0,0,0,0,0,0,0,0,0,0,0,0,0,0,0,0,0,0,0,0,0,0,0,0,0,0,0,0,0,0,0,0,0,0,1,0,0,0,0,0,0,1,0,0,0,0,0,0,0,0,0,0,0,0,0,0,0,0,0,0,0,0,0,1,0,0,0,0,0,0,0,1,0,0,0,0,0,0,0,0,0
212,358.0,12.0107,6,2,14,11.22,2.56,0,77,14.0067,7,2,15,14.48,3.04,0,92,16,8,2,16,13.56,3.44,0,48,183.84,74,6,6,7.98,2.36,4,141,101.07,44,5,8,7.5,2.2,7,134,0,0,0,0,0,0,0,0,0,0,0,0,0,0,0,0,0,0,0,0,0,0,0,0,1,1,0,1,0,0,0,0,0,0,0,0,0,0,0,1,0,0,0,0,0,0,0,0,0,0,0,0,0,0,0,0,0,0,0,0,0,0,0,0,0,0,0,0,1,0,0,0,1,0
213,29.0,30.9737,15,3,15,10.3,2.19,0,128,101.07,44,5,8,7.5,2.2,7,134,12.0107,6,2,14,11.22,2.56,0,77,0,0,0,0,0,0,0,0,0,0,0,0,0,0,0,0,0,0,0,0,0,0,0,0,0,0,0,0,0,0,0,0,0,0,0,0,0,0,0,0,0,0,0,0,0,0,0,0,0,0,0,0,1,0,0,0,0,0,0,0,0,0,0,0,0,0,0,0,0,0,0,0,1,0,0,0,0,0,0,0,0,0,1,0,0,0,0,0,0,0
214,54.0,92.906,41,5,5,6.76,1.6,4,146,14.0067,7,2,15,14.48,3.04,0,92,16,8,2,16,13.56,3.44,0,48,95.94,42,5,6,7.35,2.16,5,139,32.065,16,3,16,10.31,2.58,0,127,0,0,0,0,0,0,0,0,0,0,0,0,0,0,0,0,0,0,0,0,0,0,0,0,0,1,0,1,0,0,0,0,0,0,0,0,1,0,1,0,0,0,0,0,0,0,0,0,0,0,0,0,0,0,0,0,0,0,0,0,0,0,0,0,0,0,0,0,0,0,0,0,0,0
215,162.0,12.0107,6,2,14,11.22,2.56,0,77,95.94,42,5,6,7.35,2.16,5,139,14.0067,7,2,15,14.48,3.04,0,92,0,0,0,0,0,0,0,0,0,0,0,0,0,0,0,0,0,0,0,0,0,0,0,0,0,0,0,0,0,0,0,0,0,0,0,0,0,0,0,0,0,0,0,1,0,0,0,0,0,0,0,0,1,0,0,0,0,0,0,1,0,0,0,0,0,0,0,0,0,0,0,0,0,0,0,0,0,0,0,0,0,0,0,0,0,0,0,0,0,0
216,106.0,58.933,27,4,9,7.81,1.88,7,125,30.9737,15,3,15,10.3,2.19,0,128,16,8,2,16,13.56,3.44,0,48,12.0107,6,2,14,11.22,2.56,0,77,0,0,0,0,0,0,0,0,0,0,0,0,0,0,0,0,0,0,0,0,0,0,0,0,0,0,0,0,0,0,0,0,0,1,1,1,0,0,0,0,0,0,0,1,1,0,0,1,0,0,0,0,0,0,0,0,0,0,0,0,0,0,0,0,0,0,0,0,0,0,0,0,0,0,0,0,0,0,0,0,0,0
217,95.0,58.933,27,4,9,7.81,1.88,7,125,95.94,42,5,6,7.35,2.16,5,139,32.065,16,3,16,10.31,2.58,0,127,78.96,34,4,16,9.5,2.55,10,140,0,0,0,0,0,0,0,0,0,0,0,0,0,0,0,0,0,0,0,0,0,0,0,0,0,0,0,0,0,0,0,0,0,1,0,1,0,0,0,0,0,0,0,0,1,0,0,0,0,0,0,0,0,0,0,0,0,0,0,0,0,0,0,0,0,0,0,0,0,0,0,0,0,0,0,0,0,0,0,0,0,0
218,96.0,58.933,27,4,9,7.81,1.88,7,125,95.94,42,5,6,7.35,2.16,5,139,30.9737,15,3,15,10.3,2.19,0,128,32.065,16,3,16,10.31,2.58,0,127,58.6934,28,4,10,7.61,1.91,8,124,0,0,0,0,0,0,0,0,0,0,0,0,0,0,0,0,0,0,0,0,0,0,0,0,0,1,0,0,0,0,0,0,0,0,0,1,1,0,0,0,0,0,0,0,0,0,0,0,0,0,0,0,0,0,0,0,0,0,0,0,0,0,0,0,0,0,0,0,0,0,0,0,0,0
219,412.0,95.94,42,5,6,7.35,2.16,5,139,58.6934,28,4,10,7.61,1.91,8,124,16,8,2,16,13.56,3.44,0,48,0,0,0,0,0,0,0,0,0,0,0,0,0,0,0,0,0,0,0,0,0,0,0,0,0,0,0,0,0,0,0,0,0,0,0,0,0,0,0,0,0,0,0,1,0,0,0,0,0,0,0,0,0,0,0,0,0,0,0,0,0,0,0,0,0,0,0,0,0,0,0,0,0,0,0,0,0,0,0,0,0,0,0,0,0,0,0,0,0,0
220,274.0,24.305,12,3,2,7.61,1.31,0,160,95.94,42,5,6,7.35,2.16,5,139,78.96,34,4,16,9.5,2.55,10,140,0,0,0,0,0,0,0,0,0,0,0,0,0,0,0,0,0,0,0,0,0,0,0,0,0,0,0,0,0,0,0,0,0,0,0,0,0,0,0,0,0,0,1,0,0,0,0,0,0,0,0,0,1,0,0,0,0,0,1,0,0,0,0,0,0,0,0,0,0,0,0,0,0,0,0,0,0,0,0,0,0,0,0,0,0,0,0,0,0,0
221,90.0,12.0107,6,2,14,11.22,2.56,0,77,65.38,30,4,12,9.35,1.65,10,138,58.933,27,4,9,7.81,1.88,7,125,32.065,16,3,16,10.31,2.58,0,127,0,0,0,0,0,0,0,0,0,0,0,0,0,0,0,0,0,0,0,0,0,0,0,0,0,0,0,0,0,0,0,0,0,0,0,0,0,0,0,1,0,1,0,0,0,0,0,1,1,0,0,0,0,0,0,0,0,0,0,0,0,0,0,0,0,0,0,0,0,0,0,0,0,0,0,0,0,0,0,0,0,0
222,192.52,12.0107,6,2,14,11.22,2.56,0,77,63.546,29,4,11,7.69,1.9,10,128,14.0067,7,2,15,14.48,3.04,0,92,30.9737,15,3,15,10.3,2.19,0,128,0,0,0,0,0,0,0,0,0,0,0,0,0,0,0,0,0,0,0,0,0,0,0,0,0,0,0,0,0,0,0,0,0,1,1,0,0,0,0,1,1,0,0,0,0,0,0,0,0,0,0,0,0,0,0,0,0,0,0,0,0,0,0,0,0,0,0,0,0,0,0,0,0,0,0,0,0,0,0,0,0,0
223,261.0,12.0107,6,2,14,11.22,2.56,0,77,16,8,2,16,13.56,3.44,0,48,58.6934,28,4,10,7.61,1.91,8,124,78.96,34,4,16,9.5,2.55,10,140,0,0,0,0,0,0,0,0,0,0,0,0,0,0,0,0,0,0,0,0,0,0,0,0,0,0,0,0,0,0,0,0,0,0,1,0,0,0,0,1,0,0,0,0,0,1,0,0,0,0,0,0,0,0,0,0,0,0,0,0,0,1,0,0,0,0,0,0,0,0,0,0,0,1,0,0,0,0,0,0,0,0
224,37.0,12.0107,6,2,14,11.22,2.56,0,77,14.0067,7,2,15,14.48,3.04,0,92,30.9737,15,3,15,10.3,2.19,0,128,101.07,44,5,8,7.5,2.2,7,134,0,0,0,0,0,0,0,0,0,0,0,0,0,0,0,0,0,0,0,0,0,0,0,0,0,0,0,0,0,0,0,0,1,0,0,0,0,0,0,0,0,0,0,0,0,1,0,0,0,0,0,0,0,0,0,0,0,0,0,0,0,0,0,0,0,0,0,0,0,0,0,0,0,0,0,0,0,0,0,0,0,0
225,341.0,58.933,27,4,9,7.81,1.88,7,125,95.94,42,5,6,7.35,2.16,5,139,32.065,16,3,16,10.31,2.58,0,127,0,0,0,0,0,0,0,0,0,0,0,0,0,0,0,0,0,0,0,0,0,0,0,0,0,0,0,0,0,0,0,0,0,0,0,0,0,0,0,0,1,0,0,1,0,0,0,1,0,0,0,0,1,0,0,0,0,0,0,0,0,0,0,0,0,0,0,0,0,0,0,0,0,0,0,0,0,0,0,0,0,0,0,0,0,0,0,0,0,0
226,10.0,92.906,41,5,5,6.76,1.6,4,146,102.905,45,5,9,7.7,2.28,8,134,0,0,0,0,0,0,0,0,0,0,0,0,0,0,0,0,0,0,0,0,0,0,0,0,0,0,0,0,0,0,0,0,0,0,0,0,0,0,0,0,0,0,0,0,0,0,0,0,0,0,0,1,0,0,0,0,0,0,0,0,1,0,0,0,0,0,0,0,0,0,0,0,0,0,0,0,1,0,0,0,0,0,0,0,0,0,0,0,0,0,0,0,0,0,0,0,0,0
227,88.5,208.98,83,6,15,7.25,2.02,10,170,10.811,5,2,13,8.33,2.04,0,98,16,8,2,16,13.56,3.44,0,48,0,0,0,0,0,0,0,0,0,0,0,0,0,0,0,0,0,0,0,0,0,0,0,0,0,0,0,0,0,0,0,0,0,0,0,0,0,0,0,0,0,0,0,1,0,0,0,1,0,0,0,0,0,1,0,0,0,0,0,0,0,0,0,0,0,0,0,0,0,0,0,0,0,0,0,0,0,0,0,0,0,0,0,0,0,0,0,0,0,0
228,85.0,12.0107,6,2,14,11.22,2.56,0,77,58.933,27,4,9,7.81,1.88,7,125,30.9737,15,3,15,10.3,2.19,0,128,0,0,0,0,0,0,0,0,0,0,0,0,0,0,0,0,0,0,0,0,0,0,0,0,0,0,0,0,0,0,0,0,0,0,0,0,0,0,0,0,0,0,0,1,0,0,0,1,0,0,0,0,0,1,0,0,0,0,0,0,0,0,0,0,0,0,0,0,0,0,0,0,0,0,0,0,0,0,0,0,0,0,0,0,0,0,0,0,0,0
229,121.0,12.0107,6,2,14,11.22,2.56,0,77,58.933,27,4,9,7.81,1.88,7,125,95.94,42,5,6,7.35,2.16,5,139,14.0067,7,2,15,14.48,3.04,0,92,30.9737,15,3,15,10.3,2.19,0,128,32.065,16,3,16,10.31,2.58,0,127,0,0,0,0,0,0,0,0,0,0,0,0,0,0,0,0,1,0,0,0,0,0,0,0,0,0,0,0,0,0,0,1,1,0,0,0,0,0,0,0,0,0,0,0,0,0,0,0,0,0,0,0,0,0,0,0,0,0,0,0,0,0,0,0,0,0
230,286.0,12.0107,6,2,14,11.22,2.56,0,77,14.0067,7,2,15,14.48,3.04,0,92,30.9737,15,3,15,10.3,2.19,0,128,55.845,26,4,8,7.83,1.83,6,126,58.933,27,4,9,7.81,1.88,7,125,0,0,0,0,0,0,0,0,0,0,0,0,0,0,0,0,0,0,0,0,0,0,0,0,0,0,0,1,0,0,0,0,1,0,0,0,0,0,0,1,1,0,0,0,0,0,0,0,0,0,0,0,0,0,0,0,0,0,0,0,0,0,0,0,0,0,0,0,0,0,0,0,0,0
231,48.0,63.546,29,4,11,7.69,1.9,10,128,58.6934,28,4,10,7.61,1.91,8,124,51.996,24,4,6,6.74,1.66,4,130,16,8,2,16,13.56,3.44,0,48,0,0,0,0,0,0,0,0,0,0,0,0,0,0,0,0,0,0,0,0,0,0,0,0,0,0,0,0,0,0,0,0,0,0,0,0,0,0,0,0,0,0,0,0,0,0,0,0,0,0,0,0,0,0,0,0,0,0,0,0,0,0,0,0,0,0,0,0,0,0,0,0,0,0,0,0,0,0,0,0,0,0
232,50.0,12.0107,6,2,14,11.22,2.56,0,77,106.42,46,5,10,8.3,2.2,10,137,195.084,78,6,10,8.9,2.28,9,139,0,0,0,0,0,0,0,0,0,0,0,0,0,0,0,0,0,0,0,0,0,0,0,0,0,0,0,0,0,0,0,0,0,0,0,0,0,0,0,0,0,0,0,1,0,0,0,1,0,0,0,0,0,0,0,0,0,0,0,0,0,0,0,0,0,0,0,0,0,0,0,0,0,0,0,0,0,0,0,0,0,0,0,0,0,0,0,0,0,0
233,102.0,95.94,42,5,6,7.35,2.16,5,139,30.9737,15,3,15,10.3,2.19,0,128,12.0107,6,2,14,11.22,2.56,0,77,0,0,0,0,0,0,0,0,0,0,0,0,0,0,0,0,0,0,0,0,0,0,0,0,0,0,0,0,0,0,0,0,0,0,0,0,0,0,0,0,1,1,0,1,0,0,0,0,0,0,0,0,1,0,0,0,0,0,0,0,0,0,0,0,0,0,0,0,0,0,0,0,1,0,0,0,0,0,0,0,0,0,0,0,0,0,0,0,0,0
234,150.0,26.9815,13,3,13,5.95,1.61,0,143,58.933,27,4,9,7.81,1.88,7,125,47.867,22,4,4,6.81,1.54,2,147,16,8,2,16,13.56,3.44,0,48,0,0,0,0,0,0,0,0,0,0,0,0,0,0,0,0,0,0,0,0,0,0,0,0,0,0,0,0,0,0,0,0,0,0,0,1,0,0,0,0,1,0,0,0,0,0,0,0,0,0,0,1,0,0,0,0,0,1,0,0,0,0,0,0,0,0,0,0,0,0,0,0,0,0,0,0,0,0,0,0,0,0
235,161.0,12.0107,6,2,14,11.22,2.56,0,77,50.942,23,4,5,6.76,1.63,3,134,14.0067,7,2,15,14.48,3.04,0,92,0,0,0,0,0,0,0,0,0,0,0,0,0,0,0,0,0,0,0,0,0,0,0,0,0,0,0,0,0,0,0,0,0,0,0,0,0,0,0,0,1,0,0,1,0,0,0,0,0,0,0,0,0,0,0,0,0,0,0,0,0,0,0,0,0,0,0,0,0,0,0,0,1,0,0,0,0,0,0,0,0,0,0,0,1,0,0,0,0,0
236,127.2,58.933,27,4,9,7.81,1.88,7,125,63.546,29,4,11,7.69,1.9,10,128,22.9897,11,3,1,5.12,0.93,0,190,16,8,2,16,13.56,3.44,0,48,30.9737,15,3,15,10.3,2.19,0,128,32.065,16,3,16,10.31,2.58,0,127,0,0,0,0,0,0,0,0,0,0,0,0,0,0,0,0,0,1,0,1,0,0,0,1,0,0,0,0,1,0,0,0,0,0,0,0,0,0,0,0,0,0,0,0,0,0,0,0,0,0,0,0,0,0,0,0,0,0,0,0,1,0,0,0,0,0
237,142.0,12.0107,6,2,14,11.22,2.56,0,77,95.94,42,5,6,7.35,2.16,5,139,14.0067,7,2,15,14.48,3.04,0,92,30.9737,15,3,15,10.3,2.19,0,128,32.065,16,3,16,10.31,2.58,0,127,0,0,0,0,0,0,0,0,0,0,0,0,0,0,0,0,0,0,0,0,0,0,0,0,0,0,1,0,0,0,0,1,0,0,0,0,1,0,1,0,0,0,0,0,0,0,0,0,0,0,0,0,0,1,0,0,0,0,0,0,0,0,0,0,0,0,0,0,0,0,0,0,0,0
238,90.0,55.845,26,4,8,7.83,1.83,6,126,58.6934,28,4,10,7.61,1.91,8,124,30.9737,15,3,15,10.3,2.19,0,128,0,0,0,0,0,0,0,0,0,0,0,0,0,0,0,0,0,0,0,0,0,0,0,0,0,0,0,0,0,0,0,0,0,0,0,0,0,0,0,0,0,1,1,0,0,0,0,0,0,0,0,0,0,0,0,0,0,0,0,0,0,0,0,0,0,0,0,0,0,0,0,0,0,0,0,0,0,0,0,0,0,0,0,0,0,0,0,0,0,0
239,124.0,12.0107,6,2,14,11.22,2.56,0,77,14.0067,7,2,15,14.48,3.04,0,92,58.6934,28,4,10,7.61,1.91,8,124,30.9737,15,3,15,10.3,2.19,0,128,101.07,44,5,8,7.5,2.2,7,134,0,0,0,0,0,0,0,0,0,0,0,0,0,0,0,0,0,0,0,0,0,0,0,0,1,0,0,0,0,0,1,1,1,0,0,0,1,1,0,0,0,0,0,0,0,0,0,0,0,0,0,0,0,0,0,0,0,0,0,0,0,0,0,1,0,0,0,0,0,0,0,0,0,0
240,49.0,12.0107,6,2,14,11.22,2.56,0,77,58.6934,28,4,10,7.61,1.91,8,124,58.933,27,4,9,7.81,1.88,7,125,32.065,16,3,16,10.31,2.58,0,127,0,0,0,0,0,0,0,0,0,0,0,0,0,0,0,0,0,0,0,0,0,0,0,0,0,0,0,0,0,0,0,0,0,0,0,1,0,0,0,0,0,0,0,0,1,0,0,0,0,0,0,0,0,0,0,0,0,0,0,0,0,0,0,0,0,0,0,0,0,0,0,0,0,0,0,0,0,0,1,0,0,0
241,391.0,30.9737,15,3,15,10.3,2.19,0,128,58.933,27,4,9,7.81,1.88,7,125,78.96,34,4,16,9.5,2.55,10,140,0,0,0,0,0,0,0,0,0,0,0,0,0,0,0,0,0,0,0,0,0,0,0,0,0,0,0,0,0,0,0,0,0,0,0,0,0,0,0,0,0,0,0,1,0,0,0,0,0,0,0,0,0,0,0,0,0,0,0,0,0,0,0,0,0,0,0,0,0,0,0,0,0,0,0,0,0,0,0,0,0,0,0,0,0,0,0,0,0,0
242,17.0,195.084,78,6,10,8.9,2.28,9,139,101.07,44,5,8,7.5,2.2,7,134,0,0,0,0,0,0,0,0,0,0,0,0,0,0,0,0,0,0,0,0,0,0,0,0,0,0,0,0,0,0,0,0,0,0,0,0,0,0,0,0,0,0,0,0,0,0,0,0,1,0,0,0,0,1,0,0,0,0,1,0,0,0,0,0,0,0,0,0,0,0,0,0,0,0,0,0,0,0,0,0,0,0,0,0,0,0,0,0,0,0,0,0,0,0,0,0,0,0
243,50.0,12.0107,6,2,14,11.22,2.56,0,77,101.07,44,5,8,7.5,2.2,7,134,0,0,0,0,0,0,0,0,0,0,0,0,0,0,0,0,0,0,0,0,0,0,0,0,0,0,0,0,0,0,0,0,0,0,0,0,0,0,0,0,0,0,0,0,0,0,0,0,1,0,0,1,0,0,0,0,0,0,0,0,0,0,0,0,0,0,0,0,0,0,0,0,0,0,0,0,0,0,0,0,1,0,0,0,0,0,0,0,0,0,0,0,0,0,0,0,0,0
244,54.0,30.9737,15,3,15,10.3,2.19,0,128,102.905,45,5,9,7.7,2.28,8,134,0,0,0,0,0,0,0,0,0,0,0,0,0,0,0,0,0,0,0,0,0,0,0,0,0,0,0,0,0,0,0,0,0,0,0,0,0,0,0,0,0,0,0,0,0,0,0,0,1,0,0,0,0,0,0,0,0,0,0,0,0,0,0,0,0,0,0,0,0,0,0,0,0,0,0,0,0,0,0,0,0,0,0,0,0,0,0,0,0,0,0,0,0,0,0,0,0,0
245,142.0,14.0067,7,2,15,14.48,3.04,0,92,32.065,16,3,16,10.31,2.58,0,127,58.933,27,4,9,7.81,1.88,7,125,39.0983,19,4,1,4.32,0.82,0,235,22.9897,11,3,1,5.12,0.93,0,190,40.078,20,4,2,6.09,1,0,197,35.453,17,3,17,12.96,3.16,0,99,0,0,0,0,0,0,0,0,1,0,0,1,0,0,0,1,0,1,0,0,1,0,0,0,0,0,0,0,0,0,0,0,0,0,0,0,0,0,0,0,0,0,0,0,0,0,1,0,0,0,0,0,1,0,0,0,0,0
246,42.0,12.0107,6,2,14,11.22,2.56,0,77,58.933,27,4,9,7.81,1.88,7,125,14.0067,7,2,15,14.48,3.04,0,92,30.9737,15,3,15,10.3,2.19,0,128,0,0,0,0,0,0,0,0,0,0,0,0,0,0,0,0,0,0,0,0,0,0,0,0,0,0,0,0,0,0,0,0,0,1,0,1,0,0,0,0,0,0,0,0,0,0,0,0,0,0,0,0,0,0,0,0,0,0,0,0,0,0,0,0,0,0,0,0,1,0,0,0,0,0,0,0,0,0,0,0,0,0
247,80.0,12.0107,6,2,14,11.22,2.56,0,77,95.94,42,5,6,7.35,2.16,5,139,14.0067,7,2,15,14.48,3.04,0,92,0,0,0,0,0,0,0,0,0,0,0,0,0,0,0,0,0,0,0,0,0,0,0,0,0,0,0,0,0,0,0,0,0,0,0,0,0,0,0,0,0,0,0,0,0,0,0,1,0,0,0,0,0,0,0,1,1,0,0,0,0,0,0,0,0,0,0,0,0,0,0,0,0,0,0,0,0,0,0,0,0,0,0,0,0,0,0,0,0,0
248,90.0,12.0107,6,2,14,11.22,2.56,0,77,58.933,27,4,9,7.81,1.88,7,125,30.9737,15,3,15,10.3,2.19,0,128,0,0,0,0,0,0,0,0,0,0,0,0,0,0,0,0,0,0,0,0,0,0,0,0,0,0,0,0,0,0,0,0,0,0,0,0,0,0,0,0,0,1,1,1,0,0,0,0,0,0,0,0,0,0,0,0,0,0,0,0,0,0,0,0,0,0,0,0,0,0,0,0,0,0,0,0,1,0,0,0,0,0,0,0,0,0,1,0,0,0
249,106.0,12.0107,6,2,14,11.22,2.56,0,77,95.94,42,5,6,7.35,2.16,5,139,183.84,74,6,6,7.98,2.36,4,141,0,0,0,0,0,0,0,0,0,0,0,0,0,0,0,0,0,0,0,0,0,0,0,0,0,0,0,0,0,0,0,0,0,0,0,0,0,0,0,0,0,0,0,1,0,0,0,1,0,0,0,0,0,0,0,0,0,0,0,0,0,0,0,0,0,0,0,0,0,0,0,0,0,0,0,0,0,0,0,0,0,0,0,0,0,0,0,0,0,0
250,65.2,58.933,27,4,9,7.81,1.88,7,125,58.6934,28,4,10,7.61,1.91,8,124,30.9737,15,3,15,10.3,2.19,0,128,0,0,0,0,0,0,0,0,0,0,0,0,0,0,0,0,0,0,0,0,0,0,0,0,0,0,0,0,0,0,0,0,0,0,0,0,0,0,0,0,0,1,1,1,0,0,0,1,0,0,0,0,1,0,1,0,0,0,0,0,0,0,0,0,0,0,0,0,0,0,0,0,0,0,0,0,0,0,0,0,0,0,0,0,0,0,0,0,0,0
251,459.0,12.0107,6,2,14,11.22,2.56,0,77,58.933,27,4,9,7.81,1.88,7,125,14.0067,7,2,15,14.48,3.04,0,92,30.9737,15,3,15,10.3,2.19,0,128,0,0,0,0,0,0,0,0,0,0,0,0,0,0,0,0,0,0,0,0,0,0,0,0,0,0,0,0,0,0,0,0,1,0,0,0,0,0,0,0,1,0,0,0,1,0,0,0,0,0,0,0,0,0,0,0,0,0,0,0,0,0,0,0,0,0,1,0,0,0,0,0,0,0,0,0,0,0,0,0,1,0
252,64.0,12.0107,6,2,14,11.22,2.56,0,77,58.933,27,4,9,7.81,1.88,7,125,14.0067,7,2,15,14.48,3.04,0,92,30.9737,15,3,15,10.3,2.19,0,128,47.867,22,4,4,6.81,1.54,2,147,0,0,0,0,0,0,0,0,0,0,0,0,0,0,0,0,0,0,0,0,0,0,0,0,0,1,1,1,0,0,0,1,1,0,0,0,0,0,0,0,0,0,0,0,0,0,0,0,0,0,0,0,0,0,0,0,0,0,0,0,0,0,0,0,0,0,0,0,0,0,0,0,0,0
253,51.0,58.933,27,4,9,7.81,1.88,7,125,58.6934,28,4,10,7.61,1.91,8,124,30.9737,15,3,15,10.3,2.19,0,128,16,8,2,16,13.56,3.44,0,48,0,0,0,0,0,0,0,0,0,0,0,0,0,0,0,0,0,0,0,0,0,0,0,0,0,0,0,0,0,0,0,0,0,1,0,1,0,0,0,0,0,0,0,0,0,0,0,0,0,0,0,0,0,0,0,0,0,0,0,0,0,0,0,0,0,0,0,0,0,0,0,0,0,0,0,0,0,0,0,0,0,0
254,157.0,58.6934,28,4,10,7.61,1.91,8,124,58.933,27,4,9,7.81,1.88,7,125,30.9737,15,3,15,10.3,2.19,0,128,0,0,0,0,0,0,0,0,0,0,0,0,0,0,0,0,0,0,0,0,0,0,0,0,0,0,0,0,0,0,0,0,0,0,0,0,0,0,0,0,0,1,1,1,1,0,0,1,1,1,0,0,1,0,0,0,0,0,0,0,0,0,0,0,0,0,0,0,0,0,0,0,0,0,0,0,0,0,0,0,0,0,0,0,0,0,0,0,0,0
255,183.0,12.0107,6,2,14,11.22,2.56,0,77,58.933,27,4,9,7.81,1.88,7,125,95.94,42,5,6,7.35,2.16,5,139,32.065,16,3,16,10.31,2.58,0,127,0,0,0,0,0,0,0,0,0,0,0,0,0,0,0,0,0,0,0,0,0,0,0,0,0,0,0,0,0,0,0,0,0,1,1,1,0,0,0,0,0,0,0,0,0,0,0,0,0,0,0,0,0,0,0,0,0,1,0,0,0,0,0,0,0,0,0,0,1,0,0,0,0,1,0,0,0,0,0,0,0,0
256,130.0,12.0107,6,2,14,11.22,2.56,0,77,186.207,75,6,7,7.88,1.9,5,137,16,8,2,16,13.56,3.44,0,48,0,0,0,0,0,0,0,0,0,0,0,0,0,0,0,0,0,0,0,0,0,0,0,0,0,0,0,0,0,0,0,0,0,0,0,0,0,0,0,0,1,0,1,0,0,0,0,0,0,0,0,0,1,0,0,0,0,0,0,0,0,0,0,0,0,0,0,0,0,1,0,0,0,0,0,0,0,0,0,0,0,1,0,0,0,0,0,0,0,0
257,106.0,12.0107,6,2,14,11.22,2.56,0,77,95.94,42,5,6,7.35,2.16,5,139,30.9737,15,3,15,10.3,2.19,0,128,14.0067,7,2,15,14.48,3.04,0,92,0,0,0,0,0,0,0,0,0,0,0,0,0,0,0,0,0,0,0,0,0,0,0,0,0,0,0,0,0,0,0,0,1,1,0,1,0,0,0,0,1,0,0,0,1,0,0,0,0,0,0,0,0,0,0,0,0,0,0,0,0,0,0,0,0,0,0,0,1,0,0,0,0,0,0,0,0,0,0,0,1,0
258,203.4,58.933,27,4,9,7.81,1.88,7,125,95.94,42,5,6,7.35,2.16,5,139,14.0067,7,2,15,14.48,3.04,0,92,32.065,16,3,16,10.31,2.58,0,127,47.867,22,4,4,6.81,1.54,2,147,0,0,0,0,0,0,0,0,0,0,0,0,0,0,0,0,0,0,0,0,0,0,0,0,0,1,1,1,0,1,0,0,0,0,0,0,0,0,0,0,0,0,0,0,0,0,0,0,0,0,0,0,0,0,0,0,0,0,0,0,0,0,0,0,0,0,0,0,0,0,0,0,0,0
259,161.0,58.933,27,4,9,7.81,1.88,7,125,30.9737,15,3,15,10.3,2.19,0,128,0,0,0,0,0,0,0,0,0,0,0,0,0,0,0,0,0,0,0,0,0,0,0,0,0,0,0,0,0,0,0,0,0,0,0,0,0,0,0,0,0,0,0,0,0,0,0,0,0,1,1,0,0,0,0,1,0,0,0,0,0,0,1,0,0,0,0,0,0,0,0,0,0,0,0,0,0,0,0,0,0,0,0,0,0,0,0,0,0,0,0,0,0,0,0,0,0,0
260,285.0,63.546,29,4,11,7.69,1.9,10,128,30.9737,15,3,15,10.3,2.19,0,128,0,0,0,0,0,0,0,0,0,0,0,0,0,0,0,0,0,0,0,0,0,0,0,0,0,0,0,0,0,0,0,0,0,0,0,0,0,0,0,0,0,0,0,0,0,0,0,0,0,0,0,1,0,0,0,0,0,0,0,0,0,1,0,0,0,0,0,0,0,0,0,0,0,0,0,0,0,0,0,0,0,0,0,0,0,0,0,0,0,0,0,0,0,0,0,0,0,0
261,84.0,12.0107,6,2,14,11.22,2.56,0,77,14.0067,7,2,15,14.48,3.04,0,92,58.6934,28,4,10,7.61,1.91,8,124,195.084,78,6,10,8.9,2.28,9,139,0,0,0,0,0,0,0,0,0,0,0,0,0,0,0,0,0,0,0,0,0,0,0,0,0,0,0,0,0,0,0,0,1,0,0,1,0,0,0,0,0,0,0,0,0,0,0,0,0,0,0,0,0,0,0,0,0,0,0,0,0,0,0,0,1,0,0,0,0,0,0,0,1,0,0,0,0,0,0,0,0,0
262,81.0,12.0107,6,2,14,11.22,2.56,0,77,14.0067,7,2,15,14.48,3.04,0,92,101.07,44,5,8,7.5,2.2,7,134,47.867,22,4,4,6.81,1.54,2,147,16,8,2,16,13.56,3.44,0,48,18.9984,9,2,17,18.6,3.98,0,73,0,0,0,0,0,0,0,0,0,0,0,0,0,0,0,0,0,0,0,0,0,1,0,0,0,0,0,0,0,0,0,0,0,0,0,0,0,0,0,0,0,0,0,0,0,0,0,1,0,0,0,0,0,0,0,0,0,0,0,0,0,0,0,0,0,0
263,106.0,12.0107,6,2,14,11.22,2.56,0,77,95.94,42,5,6,7.35,2.16,5,139,16,8,2,16,13.56,3.44,0,48,30.9737,15,3,15,10.3,2.19,0,128,32.065,16,3,16,10.31,2.58,0,127,0,0,0,0,0,0,0,0,0,0,0,0,0,0,0,0,0,0,0,0,0,0,0,0,0,0,1,1,0,0,0,0,0,0,0,0,0,0,0,0,0,0,0,0,0,0,0,0,0,0,0,0,0,0,0,0,0,0,0,0,0,0,0,0,0,0,0,0,0,0,0,0,0,0
264,39.0,12.0107,6,2,14,11.22,2.56,0,77,101.07,44,5,8,7.5,2.2,7,134,58.933,27,4,9,7.81,1.88,7,125,0,0,0,0,0,0,0,0,0,0,0,0,0,0,0,0,0,0,0,0,0,0,0,0,0,0,0,0,0,0,0,0,0,0,0,0,0,0,0,0,1,0,0,0,0,0,0,0,0,0,1,0,1,0,0,0,0,0,0,0,0,0,0,0,0,0,0,0,0,0,0,0,0,0,0,0,0,0,0,0,0,0,0,0,1,0,0,0,0,0
265,227.0,12.0107,6,2,14,11.22,2.56,0,77,30.9737,15,3,15,10.3,2.19,0,128,58.933,27,4,9,7.81,1.88,7,125,0,0,0,0,0,0,0,0,0,0,0,0,0,0,0,0,0,0,0,0,0,0,0,0,0,0,0,0,0,0,0,0,0,0,0,0,0,0,0,0,0,0,0,1,0,0,0,1,0,0,0,0,1,0,0,0,0,0,0,0,0,0,0,0,0,0,0,0,0,0,0,0,0,0,0,0,0,0,0,0,0,0,0,0,0,0,0,0,0,0
266,140.1,12.0107,6,2,14,11.22,2.56,0,77,55.845,26,4,8,7.83,1.83,6,126,30.9737,15,3,15,10.3,2.19,0,128,78.96,34,4,16,9.5,2.55,10,140,0,0,0,0,0,0,0,0,0,0,0,0,0,0,0,0,0,0,0,0,0,0,0,0,0,0,0,0,0,0,0,0,1,1,0,0,0,0,0,1,0,0,0,0,0,0,0,0,0,0,0,0,0,0,0,0,0,0,0,0,0,0,0,0,0,0,0,0,0,0,0,0,0,0,0,0,0,0,0,0,0,0
267,171.0,12.0107,6,2,14,11.22,2.56,0,77,95.94,42,5,6,7.35,2.16,5,139,14.0067,7,2,15,14.48,3.04,0,92,30.9737,15,3,15,10.3,2.19,0,128,183.84,74,6,6,7.98,2.36,4,141,0,0,0,0,0,0,0,0,0,0,0,0,0,0,0,0,0,0,0,0,0,0,0,0,0,1,0,1,0,0,0,1,1,0,0,0,0,0,0,0,0,0,1,0,0,0,0,0,0,0,0,0,0,0,0,0,0,0,0,0,0,0,0,0,0,0,0,0,0,0,0,0,1,0
268,49.0,58.933,27,4,9,7.81,1.88,7,125,30.9737,15,3,15,10.3,2.19,0,128,16,8,2,16,13.56,3.44,0,48,14.0067,7,2,15,14.48,3.04,0,92,12.0107,6,2,14,11.22,2.56,0,77,0,0,0,0,0,0,0,0,0,0,0,0,0,0,0,0,0,0,0,0,0,0,0,0,0,0,0,0,0,0,0,1,0,0,0,0,1,0,0,1,1,0,0,0,0,0,0,0,0,0,0,0,0,0,0,0,0,0,0,0,0,0,0,0,0,0,0,0,0,0,0,0,0,0
269,77.0,12.0107,6,2,14,11.22,2.56,0,77,50.942,23,4,5,6.76,1.63,3,134,0,0,0,0,0,0,0,0,0,0,0,0,0,0,0,0,0,0,0,0,0,0,0,0,0,0,0,0,0,0,0,0,0,0,0,0,0,0,0,0,0,0,0,0,0,0,0,0,0,0,0,0,0,0,0,1,0,0,0,0,0,0,0,0,0,0,0,0,0,0,0,0,0,0,0,0,0,0,0,0,0,0,0,0,0,0,0,0,0,0,0,0,0,0,0,0,0,0
270,117.0,12.0107,6,2,14,11.22,2.56,0,77,54.938,25,4,7,7.4,1.56,5,127,55.845,26,4,8,7.83,1.83,6,126,58.933,27,4,9,7.81,1.88,7,125,30.9737,15,3,15,10.3,2.19,0,128,16,8,2,16,13.56,3.44,0,48,0,0,0,0,0,0,0,0,0,0,0,0,0,0,0,0,0,1,1,1,0,0,0,1,0,0,0,0,0,0,0,0,0,0,0,0,0,0,0,0,0,0,0,0,0,0,0,0,0,0,0,0,1,0,0,0,0,0,0,0,0,0,0,0,0,0
271,39.3,95.94,42,5,6,7.35,2.16,5,139,58.6934,28,4,10,7.61,1.91,8,124,16,8,2,16,13.56,3.44,0,48,50.942,23,4,5,6.76,1.63,3,134,0,0,0,0,0,0,0,0,0,0,0,0,0,0,0,0,0,0,0,0,0,0,0,0,0,0,0,0,0,0,0,0,0,1,1,1,0,0,0,0,0,0,1,0,1,0,1,0,0,0,0,1,0,0,0,0,0,0,0,0,0,0,0,0,0,0,0,0,0,0,0,0,0,0,0,0,0,0,0,0,0,0
272,37.0,95.94,42,5,6,7.35,2.16,5,139,58.6934,28,4,10,7.61,1.91,8,124,14.0067,7,2,15,14.48,3.04,0,92,0,0,0,0,0,0,0,0,0,0,0,0,0,0,0,0,0,0,0,0,0,0,0,0,0,0,0,0,0,0,0,0,0,0,0,0,0,0,0,0,1,1,0,1,0,0,0,0,0,0,0,1,0,0,0,0,0,0,0,0,0,0,0,0,0,0,0,0,0,0,0,0,0,0,0,0,0,0,0,0,0,0,0,0,0,0,0,0,0,0
273,86.0,12.0107,6,2,14,11.22,2.56,0,77,14.0067,7,2,15,14.48,3.04,0,92,16,8,2,16,13.56,3.44,0,48,30.9737,15,3,15,10.3,2.19,0,128,101.07,44,5,8,7.5,2.2,7,134,0,0,0,0,0,0,0,0,0,0,0,0,0,0,0,0,0,0,0,0,0,0,0,0,0,1,0,1,0,0,0,0,0,0,0,0,1,1,0,0,0,0,0,0,0,0,0,0,0,0,0,0,0,0,0,0,0,0,0,0,0,0,0,0,0,0,0,0,0,0,0,0,0,0
274,150.0,12.0107,6,2,14,11.22,2.56,0,77,16,8,2,16,13.56,3.44,0,48,32.065,16,3,16,10.31,2.58,0,127,183.84,74,6,6,7.98,2.36,4,141,0,0,0,0,0,0,0,0,0,0,0,0,0,0,0,0,0,0,0,0,0,0,0,0,0,0,0,0,0,0,0,0,0,1,1,1,0,0,0,0,0,1,0,0,0,0,0,0,0,0,0,0,0,0,0,0,0,0,0,0,0,0,0,0,0,0,0,0,1,0,0,0,0,1,0,0,0,0,0,0,0,0
275,46.0,12.0107,6,2,14,11.22,2.56,0,77,102.905,45,5,9,7.7,2.28,8,134,32.065,16,3,16,10.31,2.58,0,127,14.0067,7,2,15,14.48,3.04,0,92,0,0,0,0,0,0,0,0,0,0,0,0,0,0,0,0,0,0,0,0,0,0,0,0,0,0,0,0,0,0,0,0,0,0,0,1,0,0,0,0,0,0,0,0,1,0,0,0,0,0,0,0,0,0,0,0,0,0,0,0,0,0,0,0,0,0,0,0,0,0,0,0,0,0,0,0,0,0,0,0,0,0
276,62.0,58.933,27,4,9,7.81,1.88,7,125,63.546,29,4,11,7.69,1.9,10,128,32.065,16,3,16,10.31,2.58,0,127,0,0,0,0,0,0,0,0,0,0,0,0,0,0,0,0,0,0,0,0,0,0,0,0,0,0,0,0,0,0,0,0,0,0,0,0,0,0,0,0,1,0,1,0,0,0,0,0,0,0,0,0,1,0,0,0,0,0,0,0,0,0,0,0,0,0,0,0,0,0,0,0,0,0,0,0,0,0,0,0,0,0,0,0,0,0,0,0,0,0
277,102.0,12.0107,6,2,14,11.22,2.56,0,77,58.933,27,4,9,7.81,1.88,7,125,30.9737,15,3,15,10.3,2.19,0,128,78.96,34,4,16,9.5,2.55,10,140,0,0,0,0,0,0,0,0,0,0,0,0,0,0,0,0,0,0,0,0,0,0,0,0,0,0,0,0,0,0,0,0,1,1,0,1,0,0,0,1,0,0,0,0,0,0,0,0,0,0,0,0,0,0,0,0,0,0,0,0,0,0,0,0,1,0,0,0,0,0,0,0,0,0,0,0,0,0,0,0,0,0
278,114.0,102.905,45,5,9,7.7,2.28,8,134,101.07,44,5,8,7.5,2.2,7,134,16,8,2,16,13.56,3.44,0,48,12.0107,6,2,14,11.22,2.56,0,77,91.224,40,5,4,6,1.33,2,160,0,0,0,0,0,0,0,0,0,0,0,0,0,0,0,0,0,0,0,0,0,0,0,0,1,0,0,1,0,0,0,0,0,0,1,0,0,0,0,1,1,0,0,0,0,0,0,0,0,0,0,0,0,0,0,0,0,0,0,0,0,0,0,0,0,0,0,0,0,0,0,0,0,0
279,45.0,12.0107,6,2,14,11.22,2.56,0,77,14.0067,7,2,15,14.48,3.04,0,92,30.9737,15,3,15,10.3,2.19,0,128,102.905,45,5,9,7.7,2.28,8,134,0,0,0,0,0,0,0,0,0,0,0,0,0,0,0,0,0,0,0,0,0,0,0,0,0,0,0,0,0,0,0,0,1,0,0,0,0,0,0,1,1,0,0,0,0,0,0,1,0,0,0,0,0,0,0,0,0,0,0,0,0,0,0,0,0,0,0,0,0,0,0,0,0,0,0,0,0,0,0,0,0,0
280,97.0,12.0107,6,2,14,11.22,2.56,0,77,95.94,42,5,6,7.35,2.16,5,139,16,8,2,16,13.56,3.44,0,48,32.065,16,3,16,10.31,2.58,0,127,0,0,0,0,0,0,0,0,0,0,0,0,0,0,0,0,0,0,0,0,0,0,0,0,0,0,0,0,0,0,0,0,0,0,0,1,0,0,0,1,1,0,0,0,0,0,0,0,0,0,0,0,0,0,0,0,0,0,0,0,0,0,0,0,0,0,0,0,0,0,0,0,0,0,0,0,0,0,0,0,1,0
281,46.0,12.0107,6,2,14,11.22,2.56,0,77,14.0067,7,2,15,14.48,3.04,0,92,102.905,45,5,9,7.7,2.28,8,134,30.9737,15,3,15,10.3,2.19,0,128,0,0,0,0,0,0,0,0,0,0,0,0,0,0,0,0,0,0,0,0,0,0,0,0,0,0,0,0,0,0,0,0,1,0,0,1,0,0,0,0,1,0,0,0,1,0,0,0,0,0,0,0,0,0,0,0,0,0,0,0,0,0,0,0,0,0,0,0,0,0,0,0,0,0,0,0,0,0,0,0,0,0
282,32.0,58.6934,28,4,10,7.61,1.91,8,124,50.942,23,4,5,6.76,1.63,3,134,14.0067,7,2,15,14.48,3.04,0,92,0,0,0,0,0,0,0,0,0,0,0,0,0,0,0,0,0,0,0,0,0,0,0,0,0,0,0,0,0,0,0,0,0,0,0,0,0,0,0,0,0,1,0,1,0,0,0,0,0,0,0,0,1,0,0,0,0,0,0,0,0,0,0,0,0,0,0,0,0,0,0,0,0,0,0,0,0,0,0,0,0,0,0,0,0,0,0,0,0,0
283,175.0,12.0107,6,2,14,11.22,2.56,0,77,58.933,27,4,9,7.81,1.88,7,125,32.065,16,3,16,10.31,2.58,0,127,65.38,30,4,12,9.35,1.65,10,138,0,0,0,0,0,0,0,0,0,0,0,0,0,0,0,0,0,0,0,0,0,0,0,0,0,0,0,0,0,0,0,0,0,1,1,1,0,0,0,0,0,0,0,0,0,0,0,0,0,0,0,0,0,0,0,0,0,0,0,0,0,0,0,0,0,0,0,0,1,0,0,0,0,1,0,0,0,0,0,0,0,0
284,196.0,58.933,27,4,9,7.81,1.88,7,125,95.94,42,5,6,7.35,2.16,5,139,32.065,16,3,16,10.31,2.58,0,127,0,0,0,0,0,0,0,0,0,0,0,0,0,0,0,0,0,0,0,0,0,0,0,0,0,0,0,0,0,0,0,0,0,0,0,0,0,0,0,0,0,1,1,1,0,0,0,0,1,0,0,0,1,0,0,0,0,0,0,0,0,0,0,0,0,0,0,0,0,0,0,0,0,0,0,0,0,0,0,0,0,0,0,0,1,0,0,0,0,0
285,90.0,12.0107,6,2,14,11.22,2.56,0,77,192.217,77,6,9,9.1,2.2,7,136,30.9737,15,3,15,10.3,2.19,0,128,0,0,0,0,0,0,0,0,0,0,0,0,0,0,0,0,0,0,0,0,0,0,0,0,0,0,0,0,0,0,0,0,0,0,0,0,0,0,0,0,0,0,0,0,0,0,0,0,1,0,0,0,0,0,0,0,0,0,0,0,0,0,0,0,0,0,0,0,0,0,0,0,0,0,0,0,0,0,0,0,0,0,0,0,0,0,0,0,0,0
286,83.0,26.9815,13,3,13,5.95,1.61,0,143,58.933,27,4,9,7.81,1.88,7,125,30.9737,15,3,15,10.3,2.19,0,128,0,0,0,0,0,0,0,0,0,0,0,0,0,0,0,0,0,0,0,0,0,0,0,0,0,0,0,0,0,0,0,0,0,0,0,0,0,0,0,0,0,1,1,1,0,0,0,1,0,0,0,0,1,0,0,0,0,0,0,1,0,0,0,0,0,0,0,0,0,0,0,0,0,0,0,0,0,0,0,0,0,0,0,0,0,0,0,0,0,0
287,131.0,58.933,27,4,9,7.81,1.88,7,125,51.996,24,4,6,6.74,1.66,4,130,30.9737,15,3,15,10.3,2.19,0,128,12.0107,6,2,14,11.22,2.56,0,77,0,0,0,0,0,0,0,0,0,0,0,0,0,0,0,0,0,0,0,0,0,0,0,0,0,0,0,0,0,0,0,0,0,1,0,0,0,0,0,0,0,0,0,0,0,0,0,0,0,0,0,0,0,0,0,0,0,0,0,0,0,0,0,0,0,0,0,0,0,0,0,0,0,0,0,0,0,0,0,0,0,0
288,25.0,12.0107,6,2,14,11.22,2.56,0,77,30.9737,15,3,15,10.3,2.19,0,128,195.084,78,6,10,8.9,2.28,9,139,101.07,44,5,8,7.5,2.2,7,134,0,0,0,0,0,0,0,0,0,0,0,0,0,0,0,0,0,0,0,0,0,0,0,0,0,0,0,0,0,0,0,0,1,0,0,1,0,0,0,0,0,0,0,0,0,0,0,0,0,0,0,0,0,0,0,0,0,0,0,0,0,0,0,0,0,0,0,0,1,0,0,0,0,0,0,0,0,0,1,0,0,0
289,144.0,58.6934,28,4,10,7.61,1.91,8,124,30.9737,15,3,15,10.3,2.19,0,128,16,8,2,16,13.56,3.44,0,48,0,0,0,0,0,0,0,0,0,0,0,0,0,0,0,0,0,0,0,0,0,0,0,0,0,0,0,0,0,0,0,0,0,0,0,0,0,0,0,0,0,0,1,1,0,0,0,1,0,0,0,0,1,0,0,0,0,0,0,1,0,0,0,0,0,1,0,0,0,0,0,0,0,0,0,0,0,0,0,0,0,0,0,0,0,0,0,0,0,0
290,480.0,58.933,27,4,9,7.81,1.88,7,125,14.0067,7,2,15,14.48,3.04,0,92,12.0107,6,2,14,11.22,2.56,0,77,0,0,0,0,0,0,0,0,0,0,0,0,0,0,0,0,0,0,0,0,0,0,0,0,0,0,0,0,0,0,0,0,0,0,0,0,0,0,0,0,0,0,0,0,0,0,0,1,0,0,0,0,0,1,0,0,0,0,0,0,0,0,0,0,0,0,0,0,0,0,0,0,0,0,0,0,0,0,0,0,0,0,0,0,0,0,0,0,0,0
291,70.0,63.546,29,4,11,7.69,1.9,10,128,10.811,5,2,13,8.33,2.04,0,98,12.0107,6,2,14,11.22,2.56,0,77,16,8,2,16,13.56,3.44,0,48,0,0,0,0,0,0,0,0,0,0,0,0,0,0,0,0,0,0,0,0,0,0,0,0,0,0,0,0,0,0,0,0,0,1,0,1,0,0,0,1,0,0,0,1,0,0,0,0,0,0,0,0,0,0,0,0,0,0,0,0,0,0,0,0,0,0,0,0,0,0,0,0,0,0,0,0,0,0,0,0,0,0
292,64.0,16,8,2,16,13.56,3.44,0,48,101.07,44,5,8,7.5,2.2,7,134,183.84,74,6,6,7.98,2.36,4,141,0,0,0,0,0,0,0,0,0,0,0,0,0,0,0,0,0,0,0,0,0,0,0,0,0,0,0,0,0,0,0,0,0,0,0,0,0,0,0,0,0,0,0,1,1,1,0,0,0,0,0,0,0,0,0,0,0,0,0,0,0,0,0,0,0,0,0,0,0,0,0,0,0,0,0,0,0,0,0,0,0,0,0,0,0,0,0,0,0,0
293,179.0,12.0107,6,2,14,11.22,2.56,0,77,95.94,42,5,6,7.35,2.16,5,139,58.6934,28,4,10,7.61,1.91,8,124,30.9737,15,3,15,10.3,2.19,0,128,0,0,0,0,0,0,0,0,0,0,0,0,0,0,0,0,0,0,0,0,0,0,0,0,0,0,0,0,0,0,0,0,0,1,0,1,0,0,0,1,0,0,0,0,0,0,0,0,0,0,0,0,0,0,0,0,0,0,0,0,0,0,0,0,0,0,0,0,0,0,0,0,0,0,0,0,0,0,0,0,0,0
294,168.0,12.0107,6,2,14,11.22,2.56,0,77,30.9737,15,3,15,10.3,2.19,0,128,55.845,26,4,8,7.83,1.83,6,126,58.933,27,4,9,7.81,1.88,7,125,58.6934,28,4,10,7.61,1.91,8,124,0,0,0,0,0,0,0,0,0,0,0,0,0,0,0,0,0,0,0,0,0,0,0,0,0,0,0,1,0,0,0,0,0,0,0,0,0,0,0,0,0,0,0,0,0,0,0,0,0,0,0,0,0,1,0,0,0,0,0,0,0,0,0,0,0,0,0,0,0,0,1,0,0,0
295,145.0,12.0107,6,2,14,11.22,2.56,0,77,58.933,27,4,9,7.81,1.88,7,125,30.9737,15,3,15,10.3,2.19,0,128,0,0,0,0,0,0,0,0,0,0,0,0,0,0,0,0,0,0,0,0,0,0,0,0,0,0,0,0,0,0,0,0,0,0,0,0,0,0,0,0,0,1,1,1,0,0,0,0,0,0,0,0,0,0,0,0,0,0,0,0,0,0,0,0,0,0,0,0,0,0,0,0,0,0,0,0,1,0,0,0,0,0,0,0,0,0,0,0,0,0
296,184.0,58.933,27,4,9,7.81,1.88,7,125,55.845,26,4,8,7.83,1.83,6,126,58.6934,28,4,10,7.61,1.91,8,124,30.9737,15,3,15,10.3,2.19,0,128,0,0,0,0,0,0,0,0,0,0,0,0,0,0,0,0,0,0,0,0,0,0,0,0,0,0,0,0,0,0,0,0,0,1,0,0,0,0,0,0,0,0,1,0,1,0,0,0,1,0,0,0,0,0,0,0,0,1,0,0,0,0,0,0,0,0,0,0,0,0,0,0,0,0,0,0,0,0,0,0,0,0
