,Acid_HWP,Element_1 Relative Atomic Mass,Element_1 Atomic Number,Element_1 Period,Element_1 Group,Element_1 Ionization Potential,Element_1 Electronegativity,Element_1 Number of d electrons,Element_1 Atomic Radius,Element_2 Relative Atomic Mass,Element_2 Atomic Number,Element_2 Period,Element_2 Group,Element_2 Ionization Potential,Element_2 Electronegativity,Element_2 Number of d electrons,Element_2 Atomic Radius,Element_3 Relative Atomic Mass,Element_3 Atomic Number,Element_3 Period,Element_3 Group,Element_3 Ionization Potential,Element_3 Electronegativity,Element_3 Number of d electrons,Element_3 Atomic Radius,Element_4 Relative Atomic Mass,Element_4 Atomic Number,Element_4 Period,Element_4 Group,Element_4 Ionization Potential,Element_4 Electronegativity,Element_4 Number of d electrons,Element_4 Atomic Radius,Element_5 Relative Atomic Mass,Element_5 Atomic Number,Element_5 Period,Element_5 Group,Element_5 Ionization Potential,Element_5 Electronegativity,Element_5 Number of d electrons,Element_5 Atomic Radius,Element_6 Relative Atomic Mass,Element_6 Atomic Number,Element_6 Period,Element_6 Group,Element_6 Ionization Potential,Element_6 Electronegativity,Element_6 Number of d electrons,Element_6 Atomic Radius,Element_7 Relative Atomic Mass,Element_7 Atomic Number,Element_7 Period,Element_7 Group,Element_7 Ionization Potential,Element_7 Electronegativity,Element_7 Number of d electrons,Element_7 Atomic Radius,Element_8 Relative Atomic Mass,Element_8 Atomic Number,Element_8 Period,Element_8 Group,Element_8 Ionization Potential,Element_8 Electronegativity,Element_8 Number of d electrons,Element_8 Atomic Radius,Judge_Nanoparticles,Judge_3D,Judge_2D,Judge_1D,Judge_Urchin,Judge_SAC,Judge_QD,Judge_Hollow,Judge_Core_Shell,Judge_Template,Judge_alloy,Judge_Functionalized,Judge_heterostructures,Judge_Polymer_Complex_Chelate,Judge_Biomass_Slag,Judge_MOF,Judge_COF,Judge_Conductive_Polymer,Judge_Polymetal,Judge_Hydroxide_Oxyhydroxide,Judge_oxalate,Judge_Spinel,Judge_Perovskite,Judge_Pyrochlore,Judge_Prussian_Blue,Judge_Amorphous,Judge_Ultrasound,Judge_Plasma,Judge_Graphdiyne,Judge_Graphene,Judge_c3n4,Judge_MXene,Judge_CNT,Judge_IL,Judge_Organic_Inorganic,Judge_Steel,Judge_Carbon_Cloth,Judge_Film,Judge_Molten,Judge_Co_Precipitation,Judge_Electrospin,Judge_Hydrothermal,Judge_Microwave,Judge_Spray,Judge_Phys_Chem_Deposition,Judge_Light_Deposition,Judge_Electrochemical_Deposition,Judge_Electrochemical_Corrosion,Judge_Etching,Judge_Sol_Gel
0,0.867,107.868,47,5,11,7.54,1.93,10,144,12.0107,6,2,14,11.22,2.56,0,77,106.42,46,5,10,8.3,2.2,10,137,195.084,78,6,10,8.9,2.28,9,139,0,0,0,0,0,0,0,0,0,0,0,0,0,0,0,0,0,0,0,0,0,0,0,0,0,0,0,0,0,0,0,0,1,0,0,0,0,0,0,0,1,0,1,0,0,0,0,0,0,0,0,0,0,0,0,0,0,0,0,0,0,1,0,0,0,0,0,0,0,0,0,0,0,1,0,0,1,0,0,0,0,0
1,0.85,12.0107,6,2,14,11.22,2.56,0,77,58.933,27,4,9,7.81,1.88,7,125,14.0067,7,2,15,14.48,3.04,0,92,65.38,30,4,12,9.35,1.65,10,138,0,0,0,0,0,0,0,0,0,0,0,0,0,0,0,0,0,0,0,0,0,0,0,0,0,0,0,0,0,0,0,0,0,1,1,1,0,0,0,0,0,0,0,0,1,0,0,0,0,0,0,0,0,0,0,0,0,0,0,0,0,1,0,0,1,0,0,0,0,0,0,0,0,0,0,0,0,0,0,0,0,0
2,0.921,196.966,79,6,11,9.19,2.54,10,144,207.2,82,6,14,7.38,2.33,10,175,195.084,78,6,10,8.9,2.28,9,139,32.065,16,3,16,10.31,2.58,0,127,0,0,0,0,0,0,0,0,0,0,0,0,0,0,0,0,0,0,0,0,0,0,0,0,0,0,0,0,0,0,0,0,1,0,0,1,0,0,0,1,0,1,1,0,0,0,0,0,0,0,0,0,0,0,0,0,0,0,0,0,0,0,0,0,0,0,0,0,0,0,0,0,0,0,0,0,0,0,0,0,0,0
3,0.784,12.0107,6,2,14,11.22,2.56,0,77,55.845,26,4,8,7.83,1.83,6,126,14.0067,7,2,15,14.48,3.04,0,92,0,0,0,0,0,0,0,0,0,0,0,0,0,0,0,0,0,0,0,0,0,0,0,0,0,0,0,0,0,0,0,0,0,0,0,0,0,0,0,0,0,1,0,1,0,0,0,1,0,1,0,0,1,0,0,1,0,0,0,0,0,0,0,0,0,0,0,0,0,0,0,0,1,0,0,0,0,0,0,0,0,0,0,0,0,0,0,0,0,0
4,0.672,12.0107,6,2,14,11.22,2.56,0,77,58.933,27,4,9,7.81,1.88,7,125,16,8,2,16,13.56,3.44,0,48,0,0,0,0,0,0,0,0,0,0,0,0,0,0,0,0,0,0,0,0,0,0,0,0,0,0,0,0,0,0,0,0,0,0,0,0,0,0,0,0,0,0,0,0,0,0,0,0,0,0,0,0,0,0,0,1,0,0,0,0,0,0,0,0,0,0,0,0,0,0,0,0,0,0,0,0,0,0,0,0,0,0,0,0,0,0,0,0,0,0
5,0.818,14.0067,7,2,15,14.48,3.04,0,92,12.0107,6,2,14,11.22,2.56,0,77,55.845,26,4,8,7.83,1.83,6,126,0,0,0,0,0,0,0,0,0,0,0,0,0,0,0,0,0,0,0,0,0,0,0,0,0,0,0,0,0,0,0,0,0,0,0,0,0,0,0,0,0,1,0,0,0,0,0,0,0,0,0,0,0,1,0,0,0,0,0,0,0,0,0,0,0,0,0,0,0,0,0,0,0,0,0,0,0,0,0,0,0,0,0,0,0,0,0,0,0,0
6,0.82,12.0107,6,2,14,11.22,2.56,0,77,55.845,26,4,8,7.83,1.83,6,126,14.0067,7,2,15,14.48,3.04,0,92,0,0,0,0,0,0,0,0,0,0,0,0,0,0,0,0,0,0,0,0,0,0,0,0,0,0,0,0,0,0,0,0,0,0,0,0,0,0,0,0,1,0,0,1,0,1,0,1,0,0,0,0,1,0,0,0,0,0,0,0,0,0,0,0,0,0,0,0,0,0,0,0,0,0,0,0,0,0,0,0,0,0,0,0,0,0,0,0,0,0
7,0.764,12.0107,6,2,14,11.22,2.56,0,77,58.933,27,4,9,7.81,1.88,7,125,55.845,26,4,8,7.83,1.83,6,126,14.0067,7,2,15,14.48,3.04,0,92,0,0,0,0,0,0,0,0,0,0,0,0,0,0,0,0,0,0,0,0,0,0,0,0,0,0,0,0,0,0,0,0,1,0,0,0,0,0,0,1,0,0,0,0,1,0,0,1,0,0,0,0,0,0,0,0,0,0,0,0,0,0,0,0,0,0,0,0,0,0,0,0,0,0,0,0,0,0,0,0,0,0
8,0.66,12.0107,6,2,14,11.22,2.56,0,77,58.933,27,4,9,7.81,1.88,7,125,14.0067,7,2,15,14.48,3.04,0,92,0,0,0,0,0,0,0,0,0,0,0,0,0,0,0,0,0,0,0,0,0,0,0,0,0,0,0,0,0,0,0,0,0,0,0,0,0,0,0,0,0,0,0,1,0,0,0,1,0,0,0,0,0,0,0,1,1,0,0,0,0,0,0,0,0,0,0,0,0,0,0,0,1,0,0,0,0,0,0,0,0,0,0,0,0,0,0,0,0,0
9,0.77,12.0107,6,2,14,11.22,2.56,0,77,14.0067,7,2,15,14.48,3.04,0,92,0,0,0,0,0,0,0,0,0,0,0,0,0,0,0,0,0,0,0,0,0,0,0,0,0,0,0,0,0,0,0,0,0,0,0,0,0,0,0,0,0,0,0,0,0,0,0,0,0,0,0,0,0,0,0,0,0,0,0,0,0,0,1,0,0,0,0,0,0,0,0,0,0,0,0,0,0,0,0,0,0,0,0,0,0,0,0,0,0,1,0,0,0,0,0,0,0,0
10,0.76,12.0107,6,2,14,11.22,2.56,0,77,32.065,16,3,16,10.31,2.58,0,127,14.0067,7,2,15,14.48,3.04,0,92,0,0,0,0,0,0,0,0,0,0,0,0,0,0,0,0,0,0,0,0,0,0,0,0,0,0,0,0,0,0,0,0,0,0,0,0,0,0,0,0,0,1,0,0,0,0,0,1,0,0,0,1,1,0,0,0,0,0,0,0,0,0,0,0,0,0,0,0,0,0,0,0,0,0,0,0,0,0,0,0,0,0,0,0,0,0,0,0,0,0
11,0.615,12.0107,6,2,14,11.22,2.56,0,77,14.0067,7,2,15,14.48,3.04,0,92,0,0,0,0,0,0,0,0,0,0,0,0,0,0,0,0,0,0,0,0,0,0,0,0,0,0,0,0,0,0,0,0,0,0,0,0,0,0,0,0,0,0,0,0,0,0,0,0,0,0,0,0,0,0,0,1,0,0,0,0,1,0,1,0,0,0,0,0,0,0,0,0,0,0,0,0,0,0,0,0,0,0,0,0,0,0,0,0,0,0,0,0,0,0,0,0,0,0
12,0.77,12.0107,6,2,14,11.22,2.56,0,77,14.0067,7,2,15,14.48,3.04,0,92,55.845,26,4,8,7.83,1.83,6,126,0,0,0,0,0,0,0,0,0,0,0,0,0,0,0,0,0,0,0,0,0,0,0,0,0,0,0,0,0,0,0,0,0,0,0,0,0,0,0,0,0,0,0,1,0,0,0,1,0,0,0,0,1,0,0,1,1,0,0,0,0,0,0,0,0,0,0,0,0,0,0,0,1,0,0,0,0,0,0,0,0,0,0,0,0,0,0,0,0,0
13,0.81,12.0107,6,2,14,11.22,2.56,0,77,14.0067,7,2,15,14.48,3.04,0,92,0,0,0,0,0,0,0,0,0,0,0,0,0,0,0,0,0,0,0,0,0,0,0,0,0,0,0,0,0,0,0,0,0,0,0,0,0,0,0,0,0,0,0,0,0,0,0,0,0,0,0,0,0,0,0,0,0,0,0,0,0,0,0,0,0,0,0,0,0,0,0,0,0,0,0,0,0,0,0,0,0,0,0,0,0,0,0,0,0,0,0,0,0,0,0,0,0,0
14,0.72,14.0067,7,2,15,14.48,3.04,0,92,58.933,27,4,9,7.81,1.88,7,125,12.0107,6,2,14,11.22,2.56,0,77,0,0,0,0,0,0,0,0,0,0,0,0,0,0,0,0,0,0,0,0,0,0,0,0,0,0,0,0,0,0,0,0,0,0,0,0,0,0,0,0,0,1,0,0,0,0,0,1,0,0,0,0,0,1,0,1,1,0,0,0,0,0,0,0,0,0,0,0,0,0,0,0,0,0,0,0,0,0,0,0,0,0,0,0,1,0,0,0,0,0
15,0.811,12.0107,6,2,14,11.22,2.56,0,77,55.845,26,4,8,7.83,1.83,6,126,14.0067,7,2,15,14.48,3.04,0,92,35.453,17,3,17,12.96,3.16,0,99,0,0,0,0,0,0,0,0,0,0,0,0,0,0,0,0,0,0,0,0,0,0,0,0,0,0,0,0,0,0,0,0,0,0,0,1,0,0,0,0,0,0,0,0,0,0,0,1,1,0,0,0,0,0,0,0,0,0,0,0,0,0,0,0,0,0,0,0,0,0,0,0,0,0,0,0,0,0,0,0,1,0
16,0.73,12.0107,6,2,14,11.22,2.56,0,77,55.845,26,4,8,7.83,1.83,6,126,14.0067,7,2,15,14.48,3.04,0,92,32.065,16,3,16,10.31,2.58,0,127,0,0,0,0,0,0,0,0,0,0,0,0,0,0,0,0,0,0,0,0,0,0,0,0,0,0,0,0,0,0,0,0,0,0,0,0,0,0,0,1,0,1,0,0,1,0,0,0,0,0,0,0,0,0,0,0,0,0,0,0,0,0,0,0,0,0,0,0,0,0,0,1,0,0,0,0,0,0,0,0,0,0
17,0.84,12.0107,6,2,14,11.22,2.56,0,77,55.845,26,4,8,7.83,1.83,6,126,14.0067,7,2,15,14.48,3.04,0,92,16,8,2,16,13.56,3.44,0,48,0,0,0,0,0,0,0,0,0,0,0,0,0,0,0,0,0,0,0,0,0,0,0,0,0,0,0,0,0,0,0,0,0,0,0,1,0,1,0,0,0,0,0,0,0,0,0,0,0,0,0,0,0,0,0,0,0,0,0,0,0,1,0,0,0,0,0,0,0,0,0,0,0,0,0,0,0,0,0,0,0,0
18,0.75,12.0107,6,2,14,11.22,2.56,0,77,14.0067,7,2,15,14.48,3.04,0,92,55.845,26,4,8,7.83,1.83,6,126,0,0,0,0,0,0,0,0,0,0,0,0,0,0,0,0,0,0,0,0,0,0,0,0,0,0,0,0,0,0,0,0,0,0,0,0,0,0,0,0,0,0,0,1,0,1,0,0,0,0,0,0,0,0,0,0,0,0,0,0,0,0,0,0,0,0,0,0,0,0,0,0,0,0,0,0,0,0,0,0,0,0,0,0,1,0,0,0,0,0
19,0.74,12.0107,6,2,14,11.22,2.56,0,77,55.845,26,4,8,7.83,1.83,6,126,14.0067,7,2,15,14.48,3.04,0,92,0,0,0,0,0,0,0,0,0,0,0,0,0,0,0,0,0,0,0,0,0,0,0,0,0,0,0,0,0,0,0,0,0,0,0,0,0,0,0,0,1,0,0,1,0,0,0,1,1,0,0,0,1,0,0,1,1,0,0,0,0,0,0,0,0,0,0,0,0,0,0,0,1,0,0,0,0,0,0,0,0,0,0,0,0,0,0,0,0,0
20,0.8,12.0107,6,2,14,11.22,2.56,0,77,14.0067,7,2,15,14.48,3.04,0,92,55.845,26,4,8,7.83,1.83,6,126,195.084,78,6,10,8.9,2.28,9,139,32.065,16,3,16,10.31,2.58,0,127,0,0,0,0,0,0,0,0,0,0,0,0,0,0,0,0,0,0,0,0,0,0,0,0,0,1,0,0,0,1,0,1,0,0,0,0,1,1,0,0,0,0,0,0,0,0,0,0,0,0,0,0,0,0,0,0,0,0,0,0,0,0,0,0,0,0,0,0,0,0,0,0,0,0
21,0.77,12.0107,6,2,14,11.22,2.56,0,77,58.933,27,4,9,7.81,1.88,7,125,55.845,26,4,8,7.83,1.83,6,126,14.0067,7,2,15,14.48,3.04,0,92,0,0,0,0,0,0,0,0,0,0,0,0,0,0,0,0,0,0,0,0,0,0,0,0,0,0,0,0,0,0,0,0,0,1,1,0,0,0,0,0,1,0,0,0,0,0,0,1,1,0,0,0,0,0,0,0,0,0,0,0,0,0,0,0,0,0,0,0,0,0,0,0,0,0,0,0,0,0,0,0,0,0
22,0.893,196.966,79,6,11,9.19,2.54,10,144,12.0107,6,2,14,11.22,2.56,0,77,106.42,46,5,10,8.3,2.2,10,137,195.084,78,6,10,8.9,2.28,9,139,0,0,0,0,0,0,0,0,0,0,0,0,0,0,0,0,0,0,0,0,0,0,0,0,0,0,0,0,0,0,0,0,0,0,0,0,0,0,0,0,1,0,1,0,0,0,0,0,0,0,0,0,0,0,0,0,0,0,0,0,0,0,0,0,0,0,0,0,0,0,0,0,0,0,0,0,0,0,0,0,0,0
23,0.858,30.9737,15,3,15,10.3,2.19,0,128,55.845,26,4,8,7.83,1.83,6,126,14.0067,7,2,15,14.48,3.04,0,92,12.0107,6,2,14,11.22,2.56,0,77,0,0,0,0,0,0,0,0,0,0,0,0,0,0,0,0,0,0,0,0,0,0,0,0,0,0,0,0,0,0,0,0,0,0,0,0,0,1,0,0,0,0,0,1,0,0,0,0,0,0,0,0,0,0,0,0,0,0,0,0,0,0,0,0,0,0,0,0,0,0,0,0,0,0,0,0,0,0,0,0,0,0
24,0.723,12.0107,6,2,14,11.22,2.56,0,77,14.0067,7,2,15,14.48,3.04,0,92,101.07,44,5,8,7.5,2.2,7,134,0,0,0,0,0,0,0,0,0,0,0,0,0,0,0,0,0,0,0,0,0,0,0,0,0,0,0,0,0,0,0,0,0,0,0,0,0,0,0,0,0,0,0,1,0,0,0,0,0,0,0,0,0,0,0,0,0,0,0,0,0,0,0,0,0,0,0,0,0,1,0,0,0,0,0,0,0,0,0,0,0,0,0,0,1,0,0,0,0,0
25,0.75,12.0107,6,2,14,11.22,2.56,0,77,55.845,26,4,8,7.83,1.83,6,126,14.0067,7,2,15,14.48,3.04,0,92,30.9737,15,3,15,10.3,2.19,0,128,0,0,0,0,0,0,0,0,0,0,0,0,0,0,0,0,0,0,0,0,0,0,0,0,0,0,0,0,0,0,0,0,0,0,0,1,0,0,0,0,1,0,0,0,0,1,0,0,0,0,0,0,0,0,0,0,0,0,0,0,0,1,0,0,0,0,0,0,0,0,0,0,0,0,0,0,0,0,0,0,0,0
26,0.72,12.0107,6,2,14,11.22,2.56,0,77,55.845,26,4,8,7.83,1.83,6,126,14.0067,7,2,15,14.48,3.04,0,92,22.9897,11,3,1,5.12,0.93,0,190,16,8,2,16,13.56,3.44,0,48,28.0855,14,3,14,8.12,1.9,0,132,35.453,17,3,17,12.96,3.16,0,99,0,0,0,0,0,0,0,0,1,1,0,0,0,0,0,1,0,1,0,0,1,0,0,0,0,0,0,0,0,0,0,0,0,0,0,0,0,0,0,0,0,0,0,0,0,0,0,0,0,0,0,0,1,0,0,0,0,0
27,0.85,12.0107,6,2,14,11.22,2.56,0,77,14.0067,7,2,15,14.48,3.04,0,92,195.084,78,6,10,8.9,2.28,9,139,65.38,30,4,12,9.35,1.65,10,138,0,0,0,0,0,0,0,0,0,0,0,0,0,0,0,0,0,0,0,0,0,0,0,0,0,0,0,0,0,0,0,0,1,0,0,0,0,0,0,1,1,0,1,0,0,0,0,1,1,0,0,0,0,0,0,0,0,0,0,0,0,0,0,0,0,0,0,0,0,0,0,0,0,0,0,0,0,0,0,0,0,0
28,0.81,12.0107,6,2,14,11.22,2.56,0,77,55.845,26,4,8,7.83,1.83,6,126,14.0067,7,2,15,14.48,3.04,0,92,32.065,16,3,16,10.31,2.58,0,127,0,0,0,0,0,0,0,0,0,0,0,0,0,0,0,0,0,0,0,0,0,0,0,0,0,0,0,0,0,0,0,0,0,0,0,0,0,0,0,1,1,0,0,0,0,1,0,1,0,0,0,0,0,0,0,0,0,0,0,0,0,0,0,0,0,0,0,0,0,0,0,0,0,0,0,0,0,0,0,0,0,0
29,0.82,14.0067,7,2,15,14.48,3.04,0,92,12.0107,6,2,14,11.22,2.56,0,77,58.933,27,4,9,7.81,1.88,7,125,0,0,0,0,0,0,0,0,0,0,0,0,0,0,0,0,0,0,0,0,0,0,0,0,0,0,0,0,0,0,0,0,0,0,0,0,0,0,0,0,0,1,0,1,0,1,0,0,0,0,0,0,0,1,0,0,0,0,0,0,0,0,0,0,0,0,0,0,0,0,0,0,0,0,0,0,0,0,0,0,0,0,0,0,0,0,0,0,0,0
30,0.75,12.0107,6,2,14,11.22,2.56,0,77,14.0067,7,2,15,14.48,3.04,0,92,16,8,2,16,13.56,3.44,0,48,0,0,0,0,0,0,0,0,0,0,0,0,0,0,0,0,0,0,0,0,0,0,0,0,0,0,0,0,0,0,0,0,0,0,0,0,0,0,0,0,0,1,1,1,0,0,0,0,0,0,0,0,0,1,0,0,0,0,0,0,0,0,0,0,0,0,0,0,0,1,0,0,1,0,0,0,0,0,0,0,0,0,0,0,0,0,0,0,0,0
31,0.732,12.0107,6,2,14,11.22,2.56,0,77,55.845,26,4,8,7.83,1.83,6,126,14.0067,7,2,15,14.48,3.04,0,92,32.065,16,3,16,10.31,2.58,0,127,0,0,0,0,0,0,0,0,0,0,0,0,0,0,0,0,0,0,0,0,0,0,0,0,0,0,0,0,0,0,0,0,1,0,0,0,0,0,0,1,0,0,0,1,0,1,0,1,1,0,0,0,0,0,0,0,0,0,0,0,0,0,0,0,0,0,0,0,0,0,0,0,0,0,0,0,0,0,0,0,0,0
32,0.8,63.546,29,4,11,7.69,1.9,10,128,14.0067,7,2,15,14.48,3.04,0,92,12.0107,6,2,14,11.22,2.56,0,77,0,0,0,0,0,0,0,0,0,0,0,0,0,0,0,0,0,0,0,0,0,0,0,0,0,0,0,0,0,0,0,0,0,0,0,0,0,0,0,0,1,0,0,0,0,0,0,1,0,0,0,0,0,0,0,0,0,0,0,0,0,0,0,0,0,0,0,0,0,0,0,0,0,0,0,0,0,0,0,0,0,0,0,0,0,0,0,0,0,0
33,0.74,55.845,26,4,8,7.83,1.83,6,126,12.0107,6,2,14,11.22,2.56,0,77,14.0067,7,2,15,14.48,3.04,0,92,0,0,0,0,0,0,0,0,0,0,0,0,0,0,0,0,0,0,0,0,0,0,0,0,0,0,0,0,0,0,0,0,0,0,0,0,0,0,0,0,0,1,0,1,1,0,0,0,0,0,0,0,0,0,0,0,0,0,0,0,0,0,0,0,0,0,0,0,0,0,0,0,0,0,0,0,0,0,0,0,0,0,0,0,1,0,0,0,0,0
34,0.78,51.996,24,4,6,6.74,1.66,4,130,16,8,2,16,13.56,3.44,0,48,14.0067,7,2,15,14.48,3.04,0,92,12.0107,6,2,14,11.22,2.56,0,77,0,0,0,0,0,0,0,0,0,0,0,0,0,0,0,0,0,0,0,0,0,0,0,0,0,0,0,0,0,0,0,0,1,0,0,0,0,0,0,1,0,0,0,0,0,0,0,1,0,0,0,0,0,0,0,0,0,0,0,0,0,0,0,0,0,0,0,0,0,0,0,0,0,0,0,0,0,0,0,0,0,0
35,0.78,12.0107,6,2,14,11.22,2.56,0,77,55.845,26,4,8,7.83,1.83,6,126,14.0067,7,2,15,14.48,3.04,0,92,0,0,0,0,0,0,0,0,0,0,0,0,0,0,0,0,0,0,0,0,0,0,0,0,0,0,0,0,0,0,0,0,0,0,0,0,0,0,0,0,0,1,0,1,0,1,0,1,0,0,0,0,0,0,0,1,1,0,0,0,0,0,0,0,0,0,0,0,0,0,0,0,0,0,0,0,0,0,0,0,0,0,0,0,1,0,0,0,0,0
36,0.68,10.811,5,2,13,8.33,2.04,0,98,12.0107,6,2,14,11.22,2.56,0,77,14.0067,7,2,15,14.48,3.04,0,92,30.9737,15,3,15,10.3,2.19,0,128,0,0,0,0,0,0,0,0,0,0,0,0,0,0,0,0,0,0,0,0,0,0,0,0,0,0,0,0,0,0,0,0,0,1,0,0,0,0,0,1,0,0,0,1,1,0,0,0,0,0,0,0,0,0,0,0,0,0,0,0,0,1,0,0,0,0,0,0,0,0,0,0,0,0,0,0,1,0,0,0,0,0
37,0.8,12.0107,6,2,14,11.22,2.56,0,77,55.845,26,4,8,7.83,1.83,6,126,14.0067,7,2,15,14.48,3.04,0,92,0,0,0,0,0,0,0,0,0,0,0,0,0,0,0,0,0,0,0,0,0,0,0,0,0,0,0,0,0,0,0,0,0,0,0,0,0,0,0,0,0,0,0,0,0,0,0,1,0,0,0,0,0,0,0,0,0,0,0,0,0,0,0,0,0,0,0,0,0,0,0,0,0,0,0,0,0,0,0,0,0,0,0,0,0,0,0,0,0,0
38,0.86,195.084,78,6,10,8.9,2.28,9,139,0,0,0,0,0,0,0,0,0,0,0,0,0,0,0,0,0,0,0,0,0,0,0,0,0,0,0,0,0,0,0,0,0,0,0,0,0,0,0,0,0,0,0,0,0,0,0,0,0,0,0,0,0,0,0,0,0,1,0,0,1,0,0,0,0,0,0,0,0,0,0,0,0,0,0,0,0,0,0,0,0,0,0,0,0,0,0,0,0,0,0,0,0,0,0,0,0,0,0,0,0,0,0,0,0,0
39,0.79,12.0107,6,2,14,11.22,2.56,0,77,55.845,26,4,8,7.83,1.83,6,126,14.0067,7,2,15,14.48,3.04,0,92,58.6934,28,4,10,7.61,1.91,8,124,0,0,0,0,0,0,0,0,0,0,0,0,0,0,0,0,0,0,0,0,0,0,0,0,0,0,0,0,0,0,0,0,0,0,0,0,0,0,0,0,0,0,0,0,0,0,0,1,0,0,0,0,0,0,0,0,0,0,0,0,0,0,0,0,0,0,0,0,0,0,0,0,0,0,0,0,0,0,0,0,0,0
40,0.75,12.0107,6,2,14,11.22,2.56,0,77,58.933,27,4,9,7.81,1.88,7,125,32.065,16,3,16,10.31,2.58,0,127,14.0067,7,2,15,14.48,3.04,0,92,0,0,0,0,0,0,0,0,0,0,0,0,0,0,0,0,0,0,0,0,0,0,0,0,0,0,0,0,0,0,0,0,0,0,0,1,0,0,0,0,1,0,0,0,1,0,0,1,0,0,0,0,0,0,0,0,0,0,0,0,0,0,0,0,0,0,0,0,0,0,0,0,0,0,0,0,0,0,0,0,0,0
41,0.72,12.0107,6,2,14,11.22,2.56,0,77,63.546,29,4,11,7.69,1.9,10,128,14.0067,7,2,15,14.48,3.04,0,92,0,0,0,0,0,0,0,0,0,0,0,0,0,0,0,0,0,0,0,0,0,0,0,0,0,0,0,0,0,0,0,0,0,0,0,0,0,0,0,0,0,0,0,1,0,0,0,1,0,0,0,0,0,0,0,0,0,0,0,0,0,0,0,0,0,0,0,0,0,0,0,0,0,0,0,0,0,0,0,0,0,0,0,0,0,0,0,0,0,0
42,0.774,12.0107,6,2,14,11.22,2.56,0,77,14.0067,7,2,15,14.48,3.04,0,92,32.065,16,3,16,10.31,2.58,0,127,65.38,30,4,12,9.35,1.65,10,138,0,0,0,0,0,0,0,0,0,0,0,0,0,0,0,0,0,0,0,0,0,0,0,0,0,0,0,0,0,0,0,0,0,0,0,0,0,0,0,1,0,0,0,0,1,0,0,0,0,0,0,0,0,0,0,0,0,0,0,0,0,0,0,0,0,0,0,0,0,0,0,0,0,0,0,0,0,0,0,0,0,0
43,0.82,12.0107,6,2,14,11.22,2.56,0,77,55.845,26,4,8,7.83,1.83,6,126,14.0067,7,2,15,14.48,3.04,0,92,0,0,0,0,0,0,0,0,0,0,0,0,0,0,0,0,0,0,0,0,0,0,0,0,0,0,0,0,0,0,0,0,0,0,0,0,0,0,0,0,0,0,0,1,0,1,0,0,0,0,0,0,0,0,0,0,0,0,0,0,0,0,0,0,0,0,0,0,0,0,0,0,0,0,0,0,0,0,0,0,0,0,0,0,0,0,0,0,0,0
44,0.61,12.0107,6,2,14,11.22,2.56,0,77,101.07,44,5,8,7.5,2.2,7,134,127.6,52,52,5,16,9.0096,2.1,10,0,0,0,0,0,0,0,0,0,0,0,0,0,0,0,0,0,0,0,0,0,0,0,0,0,0,0,0,0,0,0,0,0,0,0,0,0,0,0,0,0,0,0,0,0,0,0,0,0,0,0,0,0,0,0,0,0,0,0,0,0,0,0,0,0,0,0,0,0,0,0,0,0,0,0,0,0,0,0,0,0,0,1,0,0,0,0,0,0,0
45,0.83,12.0107,6,2,14,11.22,2.56,0,77,55.845,26,4,8,7.83,1.83,6,126,14.0067,7,2,15,14.48,3.04,0,92,0,0,0,0,0,0,0,0,0,0,0,0,0,0,0,0,0,0,0,0,0,0,0,0,0,0,0,0,0,0,0,0,0,0,0,0,0,0,0,0,0,0,0,1,0,0,0,1,0,0,0,0,1,0,0,0,0,0,0,0,0,0,0,0,0,0,0,0,0,0,0,0,0,0,0,0,0,0,0,0,0,0,0,0,0,0,0,0,0,0
46,0.78,12.0107,6,2,14,11.22,2.56,0,77,55.845,26,4,8,7.83,1.83,6,126,14.0067,7,2,15,14.48,3.04,0,92,0,0,0,0,0,0,0,0,0,0,0,0,0,0,0,0,0,0,0,0,0,0,0,0,0,0,0,0,0,0,0,0,0,0,0,0,0,0,0,0,0,0,0,0,0,0,0,1,0,0,0,0,0,0,0,1,0,0,0,0,0,0,0,0,0,0,0,0,0,0,1,0,0,0,0,0,0,0,0,0,0,0,0,0,1,0,0,0,0,0
47,0.85,12.0107,6,2,14,11.22,2.56,0,77,55.845,26,4,8,7.83,1.83,6,126,14.0067,7,2,15,14.48,3.04,0,92,0,0,0,0,0,0,0,0,0,0,0,0,0,0,0,0,0,0,0,0,0,0,0,0,0,0,0,0,0,0,0,0,0,0,0,0,0,0,0,0,1,1,0,0,0,0,0,1,0,0,0,0,0,0,0,1,0,0,0,0,0,0,0,0,0,0,0,0,0,0,0,0,0,0,0,0,0,0,0,0,0,0,0,0,1,0,0,0,0,0
48,0.77,12.0107,6,2,14,11.22,2.56,0,77,14.0067,7,2,15,14.48,3.04,0,92,183.84,74,6,6,7.98,2.36,4,141,0,0,0,0,0,0,0,0,0,0,0,0,0,0,0,0,0,0,0,0,0,0,0,0,0,0,0,0,0,0,0,0,0,0,0,0,0,0,0,0,1,1,1,0,0,1,0,0,0,0,0,0,1,0,0,0,0,0,0,0,0,0,0,0,0,0,0,0,0,0,0,0,0,0,0,0,0,0,0,0,0,0,0,0,1,0,0,0,0,0
49,0.7,12.0107,6,2,14,11.22,2.56,0,77,14.0067,7,2,15,14.48,3.04,0,92,30.9737,15,3,15,10.3,2.19,0,128,55.845,26,4,8,7.83,1.83,6,126,0,0,0,0,0,0,0,0,0,0,0,0,0,0,0,0,0,0,0,0,0,0,0,0,0,0,0,0,0,0,0,0,1,0,1,0,0,0,0,0,1,0,0,0,0,0,0,0,0,0,0,0,0,0,0,0,0,0,0,0,0,0,0,0,0,0,0,0,0,0,0,0,0,0,0,0,0,0,0,0,0,0
50,0.75,12.0107,6,2,14,11.22,2.56,0,77,14.0067,7,2,15,14.48,3.04,0,92,32.065,16,3,16,10.31,2.58,0,127,0,0,0,0,0,0,0,0,0,0,0,0,0,0,0,0,0,0,0,0,0,0,0,0,0,0,0,0,0,0,0,0,0,0,0,0,0,0,0,0,0,0,0,0,0,0,0,1,0,0,0,0,0,0,0,0,0,0,0,0,0,0,0,0,0,0,0,0,0,1,0,0,0,0,0,0,0,0,0,0,0,0,0,0,0,0,0,0,0,0
51,0.82,55.845,26,4,8,7.83,1.83,6,126,32.065,16,3,16,10.31,2.58,0,127,14.0067,7,2,15,14.48,3.04,0,92,12.0107,6,2,14,11.22,2.56,0,77,0,0,0,0,0,0,0,0,0,0,0,0,0,0,0,0,0,0,0,0,0,0,0,0,0,0,0,0,0,0,0,0,0,1,0,1,0,0,0,1,0,0,0,0,1,1,0,0,1,0,0,0,0,0,0,0,0,0,0,0,0,0,0,0,0,0,0,0,0,0,0,0,0,0,0,0,0,0,0,0,0,0
52,0.82,12.0107,6,2,14,11.22,2.56,0,77,55.845,26,4,8,7.83,1.83,6,126,14.0067,7,2,15,14.48,3.04,0,92,0,0,0,0,0,0,0,0,0,0,0,0,0,0,0,0,0,0,0,0,0,0,0,0,0,0,0,0,0,0,0,0,0,0,0,0,0,0,0,0,0,0,0,1,0,0,0,1,1,0,0,0,1,0,0,0,0,0,0,0,0,0,0,0,0,0,0,0,0,0,0,0,0,0,0,0,0,0,0,0,0,0,0,0,0,0,0,0,0,0
53,0.79,12.0107,6,2,14,11.22,2.56,0,77,58.933,27,4,9,7.81,1.88,7,125,14.0067,7,2,15,14.48,3.04,0,92,0,0,0,0,0,0,0,0,0,0,0,0,0,0,0,0,0,0,0,0,0,0,0,0,0,0,0,0,0,0,0,0,0,0,0,0,0,0,0,0,0,0,0,0,0,0,0,1,0,1,0,0,0,0,0,0,0,0,0,0,0,0,0,0,0,0,0,0,0,0,0,0,0,0,0,0,0,0,0,1,0,0,0,0,0,0,0,0,0,0
54,0.66,12.0107,6,2,14,11.22,2.56,0,77,14.0067,7,2,15,14.48,3.04,0,92,55.845,26,4,8,7.83,1.83,6,126,47.867,22,4,4,6.81,1.54,2,147,0,0,0,0,0,0,0,0,0,0,0,0,0,0,0,0,0,0,0,0,0,0,0,0,0,0,0,0,0,0,0,0,0,0,0,1,0,0,0,0,0,0,0,0,0,1,0,0,0,0,0,0,0,0,0,0,0,0,0,0,0,0,0,0,0,0,0,0,0,0,0,0,0,0,0,0,0,0,0,0,0,0
55,0.8,12.0107,6,2,14,11.22,2.56,0,77,58.933,27,4,9,7.81,1.88,7,125,14.0067,7,2,15,14.48,3.04,0,92,0,0,0,0,0,0,0,0,0,0,0,0,0,0,0,0,0,0,0,0,0,0,0,0,0,0,0,0,0,0,0,0,0,0,0,0,0,0,0,0,0,1,0,1,0,0,0,1,0,0,0,0,0,0,0,1,1,0,0,0,0,0,0,0,0,0,0,0,0,0,0,0,0,0,0,0,0,0,0,0,0,0,0,0,1,0,0,0,0,0
56,0.73,12.0107,6,2,14,11.22,2.56,0,77,55.845,26,4,8,7.83,1.83,6,126,14.0067,7,2,15,14.48,3.04,0,92,0,0,0,0,0,0,0,0,0,0,0,0,0,0,0,0,0,0,0,0,0,0,0,0,0,0,0,0,0,0,0,0,0,0,0,0,0,0,0,0,0,0,0,1,0,1,0,0,0,1,0,0,0,1,0,0,0,0,0,0,0,0,0,0,0,0,0,0,0,0,0,0,1,0,0,0,0,0,0,0,0,1,0,0,0,0,0,0,0,0
57,0.816,12.0107,6,2,14,11.22,2.56,0,77,55.845,26,4,8,7.83,1.83,6,126,14.0067,7,2,15,14.48,3.04,0,92,0,0,0,0,0,0,0,0,0,0,0,0,0,0,0,0,0,0,0,0,0,0,0,0,0,0,0,0,0,0,0,0,0,0,0,0,0,0,0,0,1,0,0,0,0,0,0,1,0,0,0,1,0,1,0,1,1,0,0,0,0,0,0,0,0,0,0,0,0,0,0,0,0,0,0,0,0,0,0,0,0,0,0,0,0,0,0,0,0,0
58,0.75,12.0107,6,2,14,11.22,2.56,0,77,14.0067,7,2,15,14.48,3.04,0,92,101.07,44,5,8,7.5,2.2,7,134,0,0,0,0,0,0,0,0,0,0,0,0,0,0,0,0,0,0,0,0,0,0,0,0,0,0,0,0,0,0,0,0,0,0,0,0,0,0,0,0,0,0,0,1,0,1,0,0,0,0,0,0,0,0,0,0,0,0,0,0,0,0,0,0,0,0,0,0,0,1,0,0,0,0,0,0,0,0,0,0,0,0,0,0,0,0,0,0,0,0
59,0.902,12.0107,6,2,14,11.22,2.56,0,77,58.6934,28,4,10,7.61,1.91,8,124,195.084,78,6,10,8.9,2.28,9,139,0,0,0,0,0,0,0,0,0,0,0,0,0,0,0,0,0,0,0,0,0,0,0,0,0,0,0,0,0,0,0,0,0,0,0,0,0,0,0,0,1,0,0,1,0,0,0,0,0,0,0,0,0,0,0,1,0,0,0,0,0,0,0,0,0,0,0,0,0,0,0,0,0,0,0,0,0,0,0,0,0,0,0,0,1,0,0,0,0,0
60,0.807,12.0107,6,2,14,11.22,2.56,0,77,58.933,27,4,9,7.81,1.88,7,125,55.845,26,4,8,7.83,1.83,6,126,14.0067,7,2,15,14.48,3.04,0,92,0,0,0,0,0,0,0,0,0,0,0,0,0,0,0,0,0,0,0,0,0,0,0,0,0,0,0,0,0,0,0,0,0,0,0,0,0,0,0,1,0,0,0,0,1,0,0,1,1,0,0,0,0,0,0,0,0,0,0,0,0,0,0,0,0,0,0,0,0,0,0,1,0,0,0,0,1,0,0,0,0,0
61,0.6,12.0107,6,2,14,11.22,2.56,0,77,14.0067,7,2,15,14.48,3.04,0,92,0,0,0,0,0,0,0,0,0,0,0,0,0,0,0,0,0,0,0,0,0,0,0,0,0,0,0,0,0,0,0,0,0,0,0,0,0,0,0,0,0,0,0,0,0,0,0,0,0,1,1,0,1,0,0,1,0,0,0,0,1,0,0,0,0,0,0,0,0,0,0,0,0,0,0,0,0,0,0,0,0,0,0,0,0,0,0,0,0,0,0,0,0,0,0,0,0,0
62,0.82,196.966,79,6,11,9.19,2.54,10,144,58.933,27,4,9,7.81,1.88,7,125,0,0,0,0,0,0,0,0,0,0,0,0,0,0,0,0,0,0,0,0,0,0,0,0,0,0,0,0,0,0,0,0,0,0,0,0,0,0,0,0,0,0,0,0,0,0,0,0,0,0,0,0,0,1,0,0,0,0,0,0,1,0,0,0,0,0,0,0,0,0,0,0,0,0,0,0,0,0,0,0,0,0,0,0,0,0,0,0,0,0,0,0,0,0,0,0,0,0
63,0.76,12.0107,6,2,14,11.22,2.56,0,77,63.546,29,4,11,7.69,1.9,10,128,106.42,46,5,10,8.3,2.2,10,137,0,0,0,0,0,0,0,0,0,0,0,0,0,0,0,0,0,0,0,0,0,0,0,0,0,0,0,0,0,0,0,0,0,0,0,0,0,0,0,0,1,0,0,0,0,0,0,0,0,0,1,0,0,0,0,0,0,0,0,0,0,0,0,0,0,0,0,0,0,0,0,0,0,0,0,0,0,0,0,0,0,0,1,0,0,0,0,0,0,0
64,0.66,12.0107,6,2,14,11.22,2.56,0,77,14.0067,7,2,15,14.48,3.04,0,92,0,0,0,0,0,0,0,0,0,0,0,0,0,0,0,0,0,0,0,0,0,0,0,0,0,0,0,0,0,0,0,0,0,0,0,0,0,0,0,0,0,0,0,0,0,0,0,0,0,0,1,1,0,0,0,0,0,0,0,0,0,1,0,0,0,1,0,0,0,0,0,0,0,0,0,0,0,1,0,0,0,0,0,0,0,0,0,0,0,0,0,0,0,0,0,0,0,0
65,0.806,12.0107,6,2,14,11.22,2.56,0,77,55.845,26,4,8,7.83,1.83,6,126,14.0067,7,2,15,14.48,3.04,0,92,32.065,16,3,16,10.31,2.58,0,127,0,0,0,0,0,0,0,0,0,0,0,0,0,0,0,0,0,0,0,0,0,0,0,0,0,0,0,0,0,0,0,0,1,0,0,0,0,1,0,0,0,0,0,0,1,0,0,0,0,0,0,0,0,0,0,0,0,0,0,0,0,0,0,0,0,0,0,0,0,0,0,0,0,0,0,0,0,0,0,0,0,0
66,0.812,55.845,26,4,8,7.83,1.83,6,126,14.0067,7,2,15,14.48,3.04,0,92,12.0107,6,2,14,11.22,2.56,0,77,0,0,0,0,0,0,0,0,0,0,0,0,0,0,0,0,0,0,0,0,0,0,0,0,0,0,0,0,0,0,0,0,0,0,0,0,0,0,0,0,0,1,1,1,0,1,0,0,0,0,0,0,0,1,0,0,0,0,0,0,0,0,0,0,0,0,0,0,0,0,0,0,0,0,0,0,0,0,0,0,0,0,0,0,0,0,0,0,0,0
67,0.912,12.0107,6,2,14,11.22,2.56,0,77,195.084,78,6,10,8.9,2.28,9,139,65.38,30,4,12,9.35,1.65,10,138,14.0067,7,2,15,14.48,3.04,0,92,0,0,0,0,0,0,0,0,0,0,0,0,0,0,0,0,0,0,0,0,0,0,0,0,0,0,0,0,0,0,0,0,1,0,0,1,0,0,0,0,1,0,1,0,0,0,0,1,0,0,0,0,0,0,0,0,0,0,0,0,0,0,0,0,0,0,0,0,0,0,0,0,0,0,0,0,0,0,0,0,0,0
68,0.7,12.0107,6,2,14,11.22,2.56,0,77,14.0067,7,2,15,14.48,3.04,0,92,55.845,26,4,8,7.83,1.83,6,126,0,0,0,0,0,0,0,0,0,0,0,0,0,0,0,0,0,0,0,0,0,0,0,0,0,0,0,0,0,0,0,0,0,0,0,0,0,0,0,0,0,0,0,0,0,0,0,1,0,0,0,0,1,0,0,0,0,0,0,0,0,0,0,0,0,0,0,0,0,0,0,0,0,0,0,0,0,0,0,0,0,1,0,0,0,0,0,0,0,0
69,0.73,12.0107,6,2,14,11.22,2.56,0,77,58.933,27,4,9,7.81,1.88,7,125,58.6934,28,4,10,7.61,1.91,8,124,14.0067,7,2,15,14.48,3.04,0,92,0,0,0,0,0,0,0,0,0,0,0,0,0,0,0,0,0,0,0,0,0,0,0,0,0,0,0,0,0,0,0,0,0,0,0,0,0,1,0,1,0,0,1,0,1,1,0,1,0,0,0,0,0,0,0,0,0,0,0,0,0,0,0,0,0,0,0,0,0,0,0,0,0,0,0,0,0,0,0,0,0,0
70,0.68,12.0107,6,2,14,11.22,2.56,0,77,55.845,26,4,8,7.83,1.83,6,126,14.0067,7,2,15,14.48,3.04,0,92,0,0,0,0,0,0,0,0,0,0,0,0,0,0,0,0,0,0,0,0,0,0,0,0,0,0,0,0,0,0,0,0,0,0,0,0,0,0,0,0,0,0,0,1,0,0,0,1,1,0,0,0,1,0,0,1,1,0,0,0,0,0,0,0,0,0,0,0,0,0,0,0,1,0,0,0,0,0,0,0,0,0,0,0,0,0,0,0,0,0
71,0.82,12.0107,6,2,14,11.22,2.56,0,77,14.0067,7,2,15,14.48,3.04,0,92,55.845,26,4,8,7.83,1.83,6,126,0,0,0,0,0,0,0,0,0,0,0,0,0,0,0,0,0,0,0,0,0,0,0,0,0,0,0,0,0,0,0,0,0,0,0,0,0,0,0,0,1,1,1,1,0,0,0,0,0,0,0,0,0,1,0,0,0,0,0,0,0,0,0,0,0,0,0,0,0,0,0,0,0,0,0,0,0,0,0,0,0,0,0,0,0,0,0,0,0,0
72,0.77,12.0107,6,2,14,11.22,2.56,0,77,192.217,77,6,9,9.1,2.2,7,136,14.0067,7,2,15,14.48,3.04,0,92,0,0,0,0,0,0,0,0,0,0,0,0,0,0,0,0,0,0,0,0,0,0,0,0,0,0,0,0,0,0,0,0,0,0,0,0,0,0,0,0,0,0,0,0,0,1,0,0,0,0,0,0,0,0,0,0,0,0,0,0,0,0,0,0,0,0,0,0,0,1,0,0,0,0,0,0,0,0,0,0,0,0,0,0,1,0,0,0,0,0
73,0.72,12.0107,6,2,14,11.22,2.56,0,77,55.845,26,4,8,7.83,1.83,6,126,14.0067,7,2,15,14.48,3.04,0,92,0,0,0,0,0,0,0,0,0,0,0,0,0,0,0,0,0,0,0,0,0,0,0,0,0,0,0,0,0,0,0,0,0,0,0,0,0,0,0,0,0,0,0,0,0,0,0,1,0,0,0,0,1,1,0,0,0,0,0,0,0,0,0,0,0,0,0,0,0,0,0,0,0,0,0,0,0,0,0,0,0,0,0,0,1,0,0,0,0,0
74,0.77,12.0107,6,2,14,11.22,2.56,0,77,55.845,26,4,8,7.83,1.83,6,126,14.0067,7,2,15,14.48,3.04,0,92,0,0,0,0,0,0,0,0,0,0,0,0,0,0,0,0,0,0,0,0,0,0,0,0,0,0,0,0,0,0,0,0,0,0,0,0,0,0,0,0,1,0,1,0,0,0,1,1,1,0,0,0,1,0,0,0,1,0,0,0,0,0,0,0,0,0,0,0,0,0,0,0,0,0,0,0,0,0,0,0,0,0,0,0,1,0,0,0,0,0
75,0.78,58.933,27,4,9,7.81,1.88,7,125,14.0067,7,2,15,14.48,3.04,0,92,12.0107,6,2,14,11.22,2.56,0,77,0,0,0,0,0,0,0,0,0,0,0,0,0,0,0,0,0,0,0,0,0,0,0,0,0,0,0,0,0,0,0,0,0,0,0,0,0,0,0,0,0,0,0,0,0,1,0,0,0,0,0,0,0,0,0,1,0,0,0,0,0,0,0,0,0,0,0,0,0,0,0,0,0,0,0,0,0,0,0,0,0,0,0,0,0,0,0,0,0,0
76,0.8,55.845,26,4,8,7.83,1.83,6,126,14.0067,7,2,15,14.48,3.04,0,92,12.0107,6,2,14,11.22,2.56,0,77,0,0,0,0,0,0,0,0,0,0,0,0,0,0,0,0,0,0,0,0,0,0,0,0,0,0,0,0,0,0,0,0,0,0,0,0,0,0,0,0,0,0,0,0,0,1,0,1,1,0,0,0,1,0,0,1,1,0,0,0,0,0,0,0,0,0,0,0,0,0,0,0,0,0,0,0,0,0,0,0,0,0,0,0,0,0,0,0,0,0
77,0.91,12.0107,6,2,14,11.22,2.56,0,77,63.546,29,4,11,7.69,1.9,10,128,192.217,77,6,9,9.1,2.2,7,136,58.6934,28,4,10,7.61,1.91,8,124,106.42,46,5,10,8.3,2.2,10,137,0,0,0,0,0,0,0,0,0,0,0,0,0,0,0,0,0,0,0,0,0,0,0,0,1,0,0,0,0,0,0,1,1,0,1,0,0,0,0,0,0,0,0,0,0,0,0,0,0,0,0,0,0,0,0,0,0,0,0,0,0,0,0,0,0,0,0,0,0,0,1,1,0,0
78,0.79,12.0107,6,2,14,11.22,2.56,0,77,55.845,26,4,8,7.83,1.83,6,126,14.0067,7,2,15,14.48,3.04,0,92,0,0,0,0,0,0,0,0,0,0,0,0,0,0,0,0,0,0,0,0,0,0,0,0,0,0,0,0,0,0,0,0,0,0,0,0,0,0,0,0,0,1,0,0,0,0,0,0,0,1,0,0,1,0,0,0,0,0,0,0,0,0,0,0,0,0,0,0,0,0,0,0,0,0,0,0,0,0,0,0,0,0,0,0,0,0,0,0,0,0
79,0.7861,12.0107,6,2,14,11.22,2.56,0,77,14.0067,7,2,15,14.48,3.04,0,92,55.845,26,4,8,7.83,1.83,6,126,0,0,0,0,0,0,0,0,0,0,0,0,0,0,0,0,0,0,0,0,0,0,0,0,0,0,0,0,0,0,0,0,0,0,0,0,0,0,0,0,1,0,0,1,0,0,0,1,0,0,0,0,1,0,0,1,0,0,0,0,0,0,0,0,0,0,0,0,0,0,1,0,0,0,0,0,0,0,0,0,0,0,0,0,0,0,0,0,1,0
80,0.886,58.933,27,4,9,7.81,1.88,7,125,14.0067,7,2,15,14.48,3.04,0,92,195.084,78,6,10,8.9,2.28,9,139,12.0107,6,2,14,11.22,2.56,0,77,0,0,0,0,0,0,0,0,0,0,0,0,0,0,0,0,0,0,0,0,0,0,0,0,0,0,0,0,0,0,0,0,1,0,0,0,0,1,0,0,0,0,0,0,1,0,0,0,0,0,0,0,0,0,0,0,0,0,0,0,0,0,0,0,0,0,0,0,0,0,0,0,0,0,1,0,0,0,0,0,0,0
81,0.8,12.0107,6,2,14,11.22,2.56,0,77,55.845,26,4,8,7.83,1.83,6,126,14.0067,7,2,15,14.48,3.04,0,92,0,0,0,0,0,0,0,0,0,0,0,0,0,0,0,0,0,0,0,0,0,0,0,0,0,0,0,0,0,0,0,0,0,0,0,0,0,0,0,0,1,0,0,0,0,1,0,1,0,0,0,0,1,0,0,0,0,0,0,0,0,0,0,0,0,0,0,0,0,0,0,0,0,0,0,0,0,0,0,0,0,0,0,0,0,0,0,0,0,0
82,0.76,12.0107,6,2,14,11.22,2.56,0,77,14.0067,7,2,15,14.48,3.04,0,92,55.845,26,4,8,7.83,1.83,6,126,0,0,0,0,0,0,0,0,0,0,0,0,0,0,0,0,0,0,0,0,0,0,0,0,0,0,0,0,0,0,0,0,0,0,0,0,0,0,0,0,0,0,0,0,0,1,0,1,0,0,0,0,0,0,0,0,0,0,0,0,0,0,0,0,0,0,0,0,0,0,0,0,0,0,0,0,0,0,0,0,0,0,0,0,0,0,0,0,0,0
83,0.775,58.933,27,4,9,7.81,1.88,7,125,55.845,26,4,8,7.83,1.83,6,126,16,8,2,16,13.56,3.44,0,48,78.96,34,4,16,9.5,2.55,10,140,0,0,0,0,0,0,0,0,0,0,0,0,0,0,0,0,0,0,0,0,0,0,0,0,0,0,0,0,0,0,0,0,0,0,0,0,0,0,0,0,0,0,0,0,1,0,0,0,0,0,0,0,0,0,0,0,0,0,0,0,0,0,0,0,0,0,0,0,0,0,0,0,0,1,0,0,0,0,0,0,0,0
84,0.796,12.0107,6,2,14,11.22,2.56,0,77,58.933,27,4,9,7.81,1.88,7,125,14.0067,7,2,15,14.48,3.04,0,92,65.38,30,4,12,9.35,1.65,10,138,0,0,0,0,0,0,0,0,0,0,0,0,0,0,0,0,0,0,0,0,0,0,0,0,0,0,0,0,0,0,0,0,0,0,0,0,0,0,0,0,0,0,0,0,0,1,0,0,0,0,0,0,0,0,0,0,0,0,0,0,0,0,0,0,0,0,0,0,0,0,0,0,0,0,0,0,0,0,0,0,0,0
85,0.832,12.0107,6,2,14,11.22,2.56,0,77,55.845,26,4,8,7.83,1.83,6,126,14.0067,7,2,15,14.48,3.04,0,92,22.9897,11,3,1,5.12,0.93,0,190,35.453,17,3,17,12.96,3.16,0,99,0,0,0,0,0,0,0,0,0,0,0,0,0,0,0,0,0,0,0,0,0,0,0,0,0,0,0,1,0,1,0,1,0,0,0,0,0,0,0,0,0,0,0,0,0,0,0,0,0,0,0,0,0,0,0,0,0,0,0,0,0,0,0,0,0,0,0,0,0,0,0,0,0,0
86,0.906,195.084,78,6,10,8.9,2.28,9,139,12.0107,6,2,14,11.22,2.56,0,77,0,0,0,0,0,0,0,0,0,0,0,0,0,0,0,0,0,0,0,0,0,0,0,0,0,0,0,0,0,0,0,0,0,0,0,0,0,0,0,0,0,0,0,0,0,0,0,0,1,0,0,1,0,0,0,0,0,0,0,0,0,1,0,0,0,0,0,0,0,0,0,0,0,0,0,0,0,0,0,0,0,0,0,0,0,0,0,0,0,0,0,0,0,0,1,0,0,0
87,0.917,12.0107,6,2,14,11.22,2.56,0,77,58.933,27,4,9,7.81,1.88,7,125,14.0067,7,2,15,14.48,3.04,0,92,195.084,78,6,10,8.9,2.28,9,139,0,0,0,0,0,0,0,0,0,0,0,0,0,0,0,0,0,0,0,0,0,0,0,0,0,0,0,0,0,0,0,0,1,0,0,0,0,1,0,1,0,0,0,0,0,0,0,1,1,0,0,0,0,0,0,0,0,0,0,0,0,0,0,0,0,0,0,0,0,0,0,0,0,0,0,0,0,0,0,0,0,0
88,0.78,12.0107,6,2,14,11.22,2.56,0,77,58.933,27,4,9,7.81,1.88,7,125,14.0067,7,2,15,14.48,3.04,0,92,0,0,0,0,0,0,0,0,0,0,0,0,0,0,0,0,0,0,0,0,0,0,0,0,0,0,0,0,0,0,0,0,0,0,0,0,0,0,0,0,1,1,1,1,0,0,1,0,0,1,0,0,1,0,0,1,1,0,0,0,0,0,0,0,0,0,0,0,0,0,0,0,1,0,0,0,0,0,0,0,0,0,0,0,0,0,0,0,0,0
89,0.83,12.0107,6,2,14,11.22,2.56,0,77,55.845,26,4,8,7.83,1.83,6,126,14.0067,7,2,15,14.48,3.04,0,92,0,0,0,0,0,0,0,0,0,0,0,0,0,0,0,0,0,0,0,0,0,0,0,0,0,0,0,0,0,0,0,0,0,0,0,0,0,0,0,0,0,0,0,0,0,1,0,0,0,0,0,0,0,0,0,0,0,0,0,0,0,0,0,0,0,0,0,0,0,1,0,0,0,0,0,0,0,0,0,0,0,0,0,0,0,0,0,0,0,0
90,0.73,12.0107,6,2,14,11.22,2.56,0,77,55.845,26,4,8,7.83,1.83,6,126,14.0067,7,2,15,14.48,3.04,0,92,0,0,0,0,0,0,0,0,0,0,0,0,0,0,0,0,0,0,0,0,0,0,0,0,0,0,0,0,0,0,0,0,0,0,0,0,0,0,0,0,0,0,0,0,0,0,0,1,0,0,0,0,0,0,1,0,0,0,0,0,0,0,0,0,0,0,0,0,0,0,0,0,0,0,0,0,0,0,0,0,0,0,0,0,0,0,0,0,0,0
91,0.8,12.0107,6,2,14,11.22,2.56,0,77,55.845,26,4,8,7.83,1.83,6,126,14.0067,7,2,15,14.48,3.04,0,92,0,0,0,0,0,0,0,0,0,0,0,0,0,0,0,0,0,0,0,0,0,0,0,0,0,0,0,0,0,0,0,0,0,0,0,0,0,0,0,0,1,0,0,1,0,0,0,1,0,0,0,0,1,0,0,1,0,0,0,0,0,0,0,0,0,0,0,0,0,0,0,0,1,0,0,0,0,0,0,0,0,0,0,0,0,0,0,0,0,0
92,0.8,12.0107,6,2,14,11.22,2.56,0,77,55.845,26,4,8,7.83,1.83,6,126,14.0067,7,2,15,14.48,3.04,0,92,16,8,2,16,13.56,3.44,0,48,0,0,0,0,0,0,0,0,0,0,0,0,0,0,0,0,0,0,0,0,0,0,0,0,0,0,0,0,0,0,0,0,0,0,0,1,0,0,0,1,0,0,0,0,1,0,0,1,0,0,0,0,0,0,0,0,0,0,0,0,0,0,0,0,0,0,0,0,0,0,0,0,0,0,0,0,0,0,0,0,0,0
93,0.83,12.0107,6,2,14,11.22,2.56,0,77,58.933,27,4,9,7.81,1.88,7,125,14.0067,7,2,15,14.48,3.04,0,92,32.065,16,3,16,10.31,2.58,0,127,0,0,0,0,0,0,0,0,0,0,0,0,0,0,0,0,0,0,0,0,0,0,0,0,0,0,0,0,0,0,0,0,1,0,0,1,0,0,0,0,0,0,0,0,0,1,1,0,0,0,0,0,0,0,0,0,0,0,0,0,0,1,0,0,1,0,0,0,0,0,0,0,0,0,0,0,0,0,0,0,0,0
94,0.8,12.0107,6,2,14,11.22,2.56,0,77,35.453,17,3,17,12.96,3.16,0,99,55.845,26,4,8,7.83,1.83,6,126,14.0067,7,2,15,14.48,3.04,0,92,22.9897,11,3,1,5.12,0.93,0,190,0,0,0,0,0,0,0,0,0,0,0,0,0,0,0,0,0,0,0,0,0,0,0,0,0,0,0,1,0,0,0,0,0,0,0,0,0,1,0,0,0,0,0,0,0,0,0,0,0,0,0,0,0,0,0,0,0,0,0,0,0,0,1,0,0,0,0,0,0,0,0,0,0,0
95,0.78,12.0107,6,2,14,11.22,2.56,0,77,18.9984,9,2,17,18.6,3.98,0,73,14.0067,7,2,15,14.48,3.04,0,92,0,0,0,0,0,0,0,0,0,0,0,0,0,0,0,0,0,0,0,0,0,0,0,0,0,0,0,0,0,0,0,0,0,0,0,0,0,0,0,0,0,0,0,1,0,0,0,1,0,0,0,0,1,0,0,0,0,0,0,0,0,0,0,0,0,0,0,0,0,0,0,0,0,0,0,0,0,0,0,0,0,0,0,0,0,0,0,0,0,0
96,0.951,12.0107,6,2,14,11.22,2.56,0,77,58.933,27,4,9,7.81,1.88,7,125,58.6934,28,4,10,7.61,1.91,8,124,195.084,78,6,10,8.9,2.28,9,139,0,0,0,0,0,0,0,0,0,0,0,0,0,0,0,0,0,0,0,0,0,0,0,0,0,0,0,0,0,0,0,0,1,0,0,1,0,0,0,0,1,0,1,0,0,0,0,0,0,0,0,0,0,0,0,0,0,0,0,0,0,0,0,0,0,0,0,0,0,0,0,0,0,0,0,0,0,0,0,0,1,0
97,0.77,12.0107,6,2,14,11.22,2.56,0,77,14.0067,7,2,15,14.48,3.04,0,92,32.065,16,3,16,10.31,2.58,0,127,0,0,0,0,0,0,0,0,0,0,0,0,0,0,0,0,0,0,0,0,0,0,0,0,0,0,0,0,0,0,0,0,0,0,0,0,0,0,0,0,0,0,0,0,0,0,0,1,0,1,0,0,1,0,1,0,0,0,0,0,0,0,0,0,0,0,0,0,0,0,0,0,0,0,0,0,0,0,0,0,0,0,0,0,0,0,0,0,0,0
98,0.803,55.845,26,4,8,7.83,1.83,6,126,14.0067,7,2,15,14.48,3.04,0,92,12.0107,6,2,14,11.22,2.56,0,77,0,0,0,0,0,0,0,0,0,0,0,0,0,0,0,0,0,0,0,0,0,0,0,0,0,0,0,0,0,0,0,0,0,0,0,0,0,0,0,0,1,0,0,0,0,0,0,1,0,0,0,0,0,0,0,0,0,0,0,0,0,0,0,0,0,0,0,0,0,0,0,0,0,0,0,0,0,0,0,0,0,0,0,0,0,0,0,0,1,0
99,0.81,12.0107,6,2,14,11.22,2.56,0,77,55.845,26,4,8,7.83,1.83,6,126,14.0067,7,2,15,14.48,3.04,0,92,0,0,0,0,0,0,0,0,0,0,0,0,0,0,0,0,0,0,0,0,0,0,0,0,0,0,0,0,0,0,0,0,0,0,0,0,0,0,0,0,0,1,0,1,0,1,0,1,0,0,0,0,1,1,0,0,0,0,0,0,0,0,0,0,0,0,0,0,0,0,0,0,0,0,0,0,0,0,0,0,0,0,0,0,0,0,0,0,0,0
100,0.76,12.0107,6,2,14,11.22,2.56,0,77,55.845,26,4,8,7.83,1.83,6,126,14.0067,7,2,15,14.48,3.04,0,92,32.065,16,3,16,10.31,2.58,0,127,0,0,0,0,0,0,0,0,0,0,0,0,0,0,0,0,0,0,0,0,0,0,0,0,0,0,0,0,0,0,0,0,0,0,0,0,0,0,0,0,0,0,0,0,0,0,0,0,0,0,0,0,0,0,0,0,0,0,0,0,0,0,0,0,0,0,0,0,0,0,0,0,0,0,0,0,0,0,0,0,0,0
101,0.64,12.0107,6,2,14,11.22,2.56,0,77,14.0067,7,2,15,14.48,3.04,0,92,0,0,0,0,0,0,0,0,0,0,0,0,0,0,0,0,0,0,0,0,0,0,0,0,0,0,0,0,0,0,0,0,0,0,0,0,0,0,0,0,0,0,0,0,0,0,0,0,0,0,0,0,0,0,0,1,0,0,0,0,0,0,0,0,0,0,0,0,0,0,0,0,0,0,0,0,0,0,0,0,0,0,0,0,0,0,0,0,0,0,0,0,1,0,0,0,0,0
102,0.821,12.0107,6,2,14,11.22,2.56,0,77,55.845,26,4,8,7.83,1.83,6,126,14.0067,7,2,15,14.48,3.04,0,92,32.065,16,3,16,10.31,2.58,0,127,0,0,0,0,0,0,0,0,0,0,0,0,0,0,0,0,0,0,0,0,0,0,0,0,0,0,0,0,0,0,0,0,1,0,0,0,0,1,0,0,0,0,0,0,1,0,0,0,0,0,0,0,0,0,0,0,0,0,0,0,0,0,0,0,0,0,0,0,0,0,0,0,0,0,0,0,0,0,0,0,0,0
103,0.79,12.0107,6,2,14,11.22,2.56,0,77,58.933,27,4,9,7.81,1.88,7,125,14.0067,7,2,15,14.48,3.04,0,92,183.84,74,6,6,7.98,2.36,4,141,30.9737,15,3,15,10.3,2.19,0,128,0,0,0,0,0,0,0,0,0,0,0,0,0,0,0,0,0,0,0,0,0,0,0,0,0,0,0,0,0,0,0,0,0,0,0,0,1,0,0,0,0,0,0,0,0,0,0,0,0,0,0,0,0,0,0,0,0,0,0,0,0,0,0,0,0,0,0,0,1,0,0,0,0,0
104,0.8,12.0107,6,2,14,11.22,2.56,0,77,55.845,26,4,8,7.83,1.83,6,126,14.0067,7,2,15,14.48,3.04,0,92,0,0,0,0,0,0,0,0,0,0,0,0,0,0,0,0,0,0,0,0,0,0,0,0,0,0,0,0,0,0,0,0,0,0,0,0,0,0,0,0,0,0,0,1,0,1,0,1,0,0,0,0,1,0,0,0,0,0,0,0,0,0,0,0,0,0,0,0,0,0,0,0,0,0,0,0,0,0,0,0,0,0,0,0,0,0,0,0,0,0
105,0.74,12.0107,6,2,14,11.22,2.56,0,77,55.845,26,4,8,7.83,1.83,6,126,14.0067,7,2,15,14.48,3.04,0,92,30.9737,15,3,15,10.3,2.19,0,128,6.941,3,2,1,5.37,0.98,0,145,0,0,0,0,0,0,0,0,0,0,0,0,0,0,0,0,0,0,0,0,0,0,0,0,0,1,0,1,1,0,0,0,1,0,0,0,1,0,1,1,0,0,0,0,0,0,0,0,0,0,0,0,0,0,0,0,1,0,0,0,0,0,0,0,0,0,0,0,0,0,0,0,0,0
106,0.791,140.116,58,6,3,6.91,1.12,1,181,55.845,26,4,8,7.83,1.83,6,126,14.0067,7,2,15,14.48,3.04,0,92,12.0107,6,2,14,11.22,2.56,0,77,0,0,0,0,0,0,0,0,0,0,0,0,0,0,0,0,0,0,0,0,0,0,0,0,0,0,0,0,0,0,0,0,1,0,0,1,0,0,0,1,0,0,0,0,0,0,0,1,0,0,0,0,0,0,1,0,0,0,0,0,0,0,0,0,0,0,0,0,0,0,0,0,0,0,0,0,1,0,0,0,0,0
107,0.785,12.0107,6,2,14,11.22,2.56,0,77,55.845,26,4,8,7.83,1.83,6,126,14.0067,7,2,15,14.48,3.04,0,92,32.065,16,3,16,10.31,2.58,0,127,0,0,0,0,0,0,0,0,0,0,0,0,0,0,0,0,0,0,0,0,0,0,0,0,0,0,0,0,0,0,0,0,1,0,0,1,0,0,0,0,1,0,0,0,1,0,0,0,0,0,0,0,0,0,0,0,0,0,0,0,0,0,0,0,0,0,0,0,0,0,0,0,0,0,1,0,0,0,0,0,0,0
108,0.81,12.0107,6,2,14,11.22,2.56,0,77,55.845,26,4,8,7.83,1.83,6,126,54.938,25,4,7,7.4,1.56,5,127,14.0067,7,2,15,14.48,3.04,0,92,58.6934,28,4,10,7.61,1.91,8,124,0,0,0,0,0,0,0,0,0,0,0,0,0,0,0,0,0,0,0,0,0,0,0,0,0,0,0,0,0,0,0,0,0,0,0,0,0,1,0,1,1,0,0,0,0,0,0,0,0,0,0,0,0,0,0,0,0,0,0,0,0,0,0,0,0,0,0,0,0,0,0,0,0,0
109,0.64,55.845,26,4,8,7.83,1.83,6,126,12.0107,6,2,14,11.22,2.56,0,77,58.933,27,4,9,7.81,1.88,7,125,0,0,0,0,0,0,0,0,0,0,0,0,0,0,0,0,0,0,0,0,0,0,0,0,0,0,0,0,0,0,0,0,0,0,0,0,0,0,0,0,0,1,0,0,0,0,0,1,0,0,0,0,1,0,1,0,0,0,0,0,0,0,0,0,0,0,0,0,0,0,0,0,0,0,0,0,0,0,0,0,0,0,0,0,0,0,0,0,0,0
110,0.72,14.0067,7,2,15,14.48,3.04,0,92,32.065,16,3,16,10.31,2.58,0,127,12.0107,6,2,14,11.22,2.56,0,77,0,0,0,0,0,0,0,0,0,0,0,0,0,0,0,0,0,0,0,0,0,0,0,0,0,0,0,0,0,0,0,0,0,0,0,0,0,0,0,0,0,0,0,0,0,0,0,1,0,0,0,0,0,1,0,0,0,0,0,0,0,0,0,0,0,0,0,0,0,0,0,0,0,0,0,0,0,0,0,0,0,0,0,0,0,0,0,0,0,0
111,0.76,12.0107,6,2,14,11.22,2.56,0,77,55.845,26,4,8,7.83,1.83,6,126,14.0067,7,2,15,14.48,3.04,0,92,0,0,0,0,0,0,0,0,0,0,0,0,0,0,0,0,0,0,0,0,0,0,0,0,0,0,0,0,0,0,0,0,0,0,0,0,0,0,0,0,0,0,0,0,0,0,0,1,0,0,0,0,0,0,0,0,0,0,0,0,0,0,0,0,0,0,0,0,0,0,0,0,0,0,0,0,0,0,0,0,0,0,0,0,0,0,0,0,0,0
112,0.91,12.0107,6,2,14,11.22,2.56,0,77,14.0067,7,2,15,14.48,3.04,0,92,195.084,78,6,10,8.9,2.28,9,139,16,8,2,16,13.56,3.44,0,48,0,0,0,0,0,0,0,0,0,0,0,0,0,0,0,0,0,0,0,0,0,0,0,0,0,0,0,0,0,0,0,0,1,1,0,1,0,0,0,1,0,0,0,1,1,0,0,0,0,0,0,0,0,0,0,0,0,0,0,0,0,0,0,0,1,0,0,0,0,0,0,0,1,0,0,0,0,0,0,0,0,0
113,0.7,12.0107,6,2,14,11.22,2.56,0,77,58.933,27,4,9,7.81,1.88,7,125,14.0067,7,2,15,14.48,3.04,0,92,0,0,0,0,0,0,0,0,0,0,0,0,0,0,0,0,0,0,0,0,0,0,0,0,0,0,0,0,0,0,0,0,0,0,0,0,0,0,0,0,0,0,0,1,0,0,0,0,0,0,0,0,0,0,0,0,0,0,0,0,0,0,0,0,0,0,0,0,0,0,0,0,0,0,0,0,0,0,0,0,0,0,0,0,1,0,0,0,0,0
114,0.66,12.0107,6,2,14,11.22,2.56,0,77,40.078,20,4,2,6.09,1,0,197,35.453,17,3,17,12.96,3.16,0,99,55.845,26,4,8,7.83,1.83,6,126,14.0067,7,2,15,14.48,3.04,0,92,0,0,0,0,0,0,0,0,0,0,0,0,0,0,0,0,0,0,0,0,0,0,0,0,0,0,0,0,0,0,0,1,0,0,0,0,0,0,0,0,0,0,0,0,0,0,0,0,0,0,0,0,0,0,0,0,0,0,0,0,0,0,0,0,0,0,0,0,1,0,0,0,0,0
115,0.86,12.0107,6,2,14,11.22,2.56,0,77,58.6934,28,4,10,7.61,1.91,8,124,195.084,78,6,10,8.9,2.28,9,139,0,0,0,0,0,0,0,0,0,0,0,0,0,0,0,0,0,0,0,0,0,0,0,0,0,0,0,0,0,0,0,0,0,0,0,0,0,0,0,0,1,0,0,1,0,0,0,0,0,0,1,0,0,0,0,0,0,0,0,0,0,0,0,0,0,0,0,0,0,0,0,0,1,0,0,0,0,0,0,0,0,0,0,0,1,0,0,0,0,0
116,0.791,12.0107,6,2,14,11.22,2.56,0,77,30.9737,15,3,15,10.3,2.19,0,128,65.38,30,4,12,9.35,1.65,10,138,55.845,26,4,8,7.83,1.83,6,126,14.0067,7,2,15,14.48,3.04,0,92,0,0,0,0,0,0,0,0,0,0,0,0,0,0,0,0,0,0,0,0,0,0,0,0,0,0,0,0,0,0,0,0,0,0,0,0,0,0,0,0,0,0,0,0,0,0,0,0,0,0,0,0,0,0,0,0,0,0,0,0,0,0,0,0,0,0,0,0,0,0,0,0,0,0
117,0.68,12.0107,6,2,14,11.22,2.56,0,77,55.845,26,4,8,7.83,1.83,6,126,14.0067,7,2,15,14.48,3.04,0,92,0,0,0,0,0,0,0,0,0,0,0,0,0,0,0,0,0,0,0,0,0,0,0,0,0,0,0,0,0,0,0,0,0,0,0,0,0,0,0,0,1,0,0,1,0,0,0,1,1,0,0,0,1,1,0,0,0,0,0,0,0,0,0,0,0,0,0,0,0,0,0,0,0,0,0,0,0,0,0,0,0,1,0,0,0,0,1,0,0,0
118,0.83,12.0107,6,2,14,11.22,2.56,0,77,55.845,26,4,8,7.83,1.83,6,126,54.938,25,4,7,7.4,1.56,5,127,14.0067,7,2,15,14.48,3.04,0,92,0,0,0,0,0,0,0,0,0,0,0,0,0,0,0,0,0,0,0,0,0,0,0,0,0,0,0,0,0,0,0,0,0,1,0,1,0,0,0,1,0,0,0,0,0,0,0,1,0,0,0,0,0,0,0,0,0,0,0,0,0,0,0,0,0,0,0,0,0,0,0,0,0,0,0,0,0,0,0,0,0,0
119,0.797,12.0107,6,2,14,11.22,2.56,0,77,58.933,27,4,9,7.81,1.88,7,125,14.0067,7,2,15,14.48,3.04,0,92,16,8,2,16,13.56,3.44,0,48,65.38,30,4,12,9.35,1.65,10,138,0,0,0,0,0,0,0,0,0,0,0,0,0,0,0,0,0,0,0,0,0,0,0,0,0,0,0,1,0,0,0,0,0,0,0,0,0,0,0,0,0,0,0,0,0,0,0,0,0,0,0,0,0,0,0,0,1,0,0,0,0,0,0,0,1,0,0,0,0,0,0,0,0,0
120,0.82,12.0107,6,2,14,11.22,2.56,0,77,55.845,26,4,8,7.83,1.83,6,126,14.0067,7,2,15,14.48,3.04,0,92,0,0,0,0,0,0,0,0,0,0,0,0,0,0,0,0,0,0,0,0,0,0,0,0,0,0,0,0,0,0,0,0,0,0,0,0,0,0,0,0,1,0,0,1,0,1,0,1,0,0,0,0,0,0,0,0,0,0,0,0,0,0,0,0,0,0,0,0,0,0,0,0,1,0,0,0,0,0,0,0,0,0,0,0,0,0,0,0,0,0
121,0.81,12.0107,6,2,14,11.22,2.56,0,77,16,8,2,16,13.56,3.44,0,48,28.0855,14,3,14,8.12,1.9,0,132,195.084,78,6,10,8.9,2.28,9,139,0,0,0,0,0,0,0,0,0,0,0,0,0,0,0,0,0,0,0,0,0,0,0,0,0,0,0,0,0,0,0,0,1,0,0,0,0,0,0,0,0,0,0,0,0,0,0,0,0,0,0,0,0,0,0,0,0,0,0,0,0,0,0,0,0,0,0,0,0,0,0,0,0,0,0,0,0,0,0,0,0,0
122,0.817,12.0107,6,2,14,11.22,2.56,0,77,55.845,26,4,8,7.83,1.83,6,126,14.0067,7,2,15,14.48,3.04,0,92,0,0,0,0,0,0,0,0,0,0,0,0,0,0,0,0,0,0,0,0,0,0,0,0,0,0,0,0,0,0,0,0,0,0,0,0,0,0,0,0,0,0,0,0,0,0,0,0,0,0,0,0,0,1,0,0,0,1,0,0,0,0,0,0,0,0,0,0,0,0,0,0,0,0,0,0,0,0,0,0,0,0,0,0,0,0,0,0,1,0
123,0.75,12.0107,6,2,14,11.22,2.56,0,77,140.116,58,6,3,6.91,1.12,1,181,14.0067,7,2,15,14.48,3.04,0,92,16,8,2,16,13.56,3.44,0,48,0,0,0,0,0,0,0,0,0,0,0,0,0,0,0,0,0,0,0,0,0,0,0,0,0,0,0,0,0,0,0,0,0,0,0,1,0,1,0,1,0,0,0,0,0,0,0,0,0,0,0,0,0,0,0,0,0,0,0,0,0,0,0,0,1,0,0,0,0,0,0,0,0,0,0,0,0,0,0,0,0,0
124,0.67,32.065,16,3,16,10.31,2.58,0,127,63.546,29,4,11,7.69,1.9,10,128,12.0107,6,2,14,11.22,2.56,0,77,118.71,50,5,14,7.37,1.96,10,162,0,0,0,0,0,0,0,0,0,0,0,0,0,0,0,0,0,0,0,0,0,0,0,0,0,0,0,0,0,0,0,0,0,0,0,1,0,0,0,1,0,0,1,0,0,0,0,0,1,0,0,0,0,0,0,0,0,0,0,0,0,0,0,0,0,0,0,0,0,0,0,0,0,0,0,0,0,0,0,0,0,0
125,0.82,12.0107,6,2,14,11.22,2.56,0,77,55.845,26,4,8,7.83,1.83,6,126,14.0067,7,2,15,14.48,3.04,0,92,0,0,0,0,0,0,0,0,0,0,0,0,0,0,0,0,0,0,0,0,0,0,0,0,0,0,0,0,0,0,0,0,0,0,0,0,0,0,0,0,0,0,0,1,0,1,0,0,0,0,0,0,1,0,0,0,0,1,0,0,0,0,0,0,0,0,0,0,0,0,0,0,0,0,0,0,0,0,0,0,0,0,0,0,1,0,0,0,0,0
126,0.73,12.0107,6,2,14,11.22,2.56,0,77,14.0067,7,2,15,14.48,3.04,0,92,32.065,16,3,16,10.31,2.58,0,127,0,0,0,0,0,0,0,0,0,0,0,0,0,0,0,0,0,0,0,0,0,0,0,0,0,0,0,0,0,0,0,0,0,0,0,0,0,0,0,0,0,0,0,0,0,0,0,1,0,0,0,0,1,0,0,0,0,0,0,0,0,0,0,0,0,0,0,0,0,0,0,0,0,0,0,0,0,0,0,0,0,0,0,0,0,0,0,0,0,0
127,0.83,12.0107,6,2,14,11.22,2.56,0,77,55.845,26,4,8,7.83,1.83,6,126,14.0067,7,2,15,14.48,3.04,0,92,0,0,0,0,0,0,0,0,0,0,0,0,0,0,0,0,0,0,0,0,0,0,0,0,0,0,0,0,0,0,0,0,0,0,0,0,0,0,0,0,0,0,0,1,0,1,0,0,0,0,0,0,0,0,0,0,0,0,0,0,0,0,0,0,0,0,0,0,0,0,0,0,0,0,0,0,0,0,0,0,0,0,0,0,0,0,0,0,0,0
128,0.73,12.0107,6,2,14,11.22,2.56,0,77,65.38,30,4,12,9.35,1.65,10,138,58.933,27,4,9,7.81,1.88,7,125,14.0067,7,2,15,14.48,3.04,0,92,0,0,0,0,0,0,0,0,0,0,0,0,0,0,0,0,0,0,0,0,0,0,0,0,0,0,0,0,0,0,0,0,1,1,1,1,0,0,0,1,0,0,0,0,0,0,0,0,0,0,0,0,0,0,0,0,0,0,0,0,0,1,0,0,1,0,0,0,0,0,0,0,0,1,0,0,0,0,0,0,0,0
129,0.79,12.0107,6,2,14,11.22,2.56,0,77,14.0067,7,2,15,14.48,3.04,0,92,55.845,26,4,8,7.83,1.83,6,126,0,0,0,0,0,0,0,0,0,0,0,0,0,0,0,0,0,0,0,0,0,0,0,0,0,0,0,0,0,0,0,0,0,0,0,0,0,0,0,0,0,0,0,0,0,0,0,1,0,0,0,0,0,0,0,0,0,0,0,0,0,0,0,0,0,0,0,0,0,0,0,0,0,0,0,0,0,0,0,0,0,0,0,0,0,0,0,0,0,0
130,0.72,12.0107,6,2,14,11.22,2.56,0,77,14.0067,7,2,15,14.48,3.04,0,92,55.845,26,4,8,7.83,1.83,6,126,0,0,0,0,0,0,0,0,0,0,0,0,0,0,0,0,0,0,0,0,0,0,0,0,0,0,0,0,0,0,0,0,0,0,0,0,0,0,0,0,1,0,0,0,0,0,0,0,1,0,0,0,0,0,0,0,0,0,0,0,0,0,0,0,0,0,0,0,0,0,0,0,0,0,0,0,0,0,0,0,0,0,0,0,0,0,0,0,0,0
131,0.606,12.0107,6,2,14,11.22,2.56,0,77,18.9984,9,2,17,18.6,3.98,0,73,14.0067,7,2,15,14.48,3.04,0,92,0,0,0,0,0,0,0,0,0,0,0,0,0,0,0,0,0,0,0,0,0,0,0,0,0,0,0,0,0,0,0,0,0,0,0,0,0,0,0,0,0,0,0,1,0,0,0,1,0,0,0,0,1,0,0,0,0,0,0,0,0,0,0,0,0,0,0,0,0,0,0,0,1,0,0,0,0,0,0,0,0,0,0,0,0,0,0,0,0,0
132,0.81,12.0107,6,2,14,11.22,2.56,0,77,55.845,26,4,8,7.83,1.83,6,126,14.0067,7,2,15,14.48,3.04,0,92,0,0,0,0,0,0,0,0,0,0,0,0,0,0,0,0,0,0,0,0,0,0,0,0,0,0,0,0,0,0,0,0,0,0,0,0,0,0,0,0,0,0,0,0,0,1,0,0,0,0,0,0,0,0,0,0,0,0,0,0,0,0,0,0,0,0,0,0,0,0,0,0,0,0,0,0,0,0,0,0,0,0,0,0,1,0,0,0,0,0
133,0.79,12.0107,6,2,14,11.22,2.56,0,77,55.845,26,4,8,7.83,1.83,6,126,14.0067,7,2,15,14.48,3.04,0,92,0,0,0,0,0,0,0,0,0,0,0,0,0,0,0,0,0,0,0,0,0,0,0,0,0,0,0,0,0,0,0,0,0,0,0,0,0,0,0,0,0,0,1,1,0,0,0,1,0,0,0,0,0,0,0,1,0,0,0,0,0,0,0,0,0,0,0,0,0,0,1,0,0,0,0,0,0,0,0,0,0,0,0,0,0,0,0,0,0,0
134,0.77,12.0107,6,2,14,11.22,2.56,0,77,40.078,20,4,2,6.09,1,0,197,14.0067,7,2,15,14.48,3.04,0,92,16,8,2,16,13.56,3.44,0,48,0,0,0,0,0,0,0,0,0,0,0,0,0,0,0,0,0,0,0,0,0,0,0,0,0,0,0,0,0,0,0,0,0,0,0,0,0,1,0,0,0,0,0,0,0,0,0,0,0,0,0,0,0,0,0,0,0,0,0,0,0,0,0,0,0,0,0,0,0,0,0,0,0,0,0,0,0,0,0,0,0,0
135,0.8,24.305,12,3,2,7.61,1.31,0,160,16,8,2,16,13.56,3.44,0,48,55.845,26,4,8,7.83,1.83,6,126,14.0067,7,2,15,14.48,3.04,0,92,12.0107,6,2,14,11.22,2.56,0,77,0,0,0,0,0,0,0,0,0,0,0,0,0,0,0,0,0,0,0,0,0,0,0,0,0,0,0,1,0,0,0,1,0,1,0,0,0,1,0,0,0,0,0,0,0,0,0,0,0,0,0,0,0,0,0,0,0,0,0,0,0,0,0,0,0,0,0,0,0,0,0,0,0,0
136,0.8,12.0107,6,2,14,11.22,2.56,0,77,54.938,25,4,7,7.4,1.56,5,127,14.0067,7,2,15,14.48,3.04,0,92,0,0,0,0,0,0,0,0,0,0,0,0,0,0,0,0,0,0,0,0,0,0,0,0,0,0,0,0,0,0,0,0,0,0,0,0,0,0,0,0,0,0,0,0,0,1,0,1,0,0,0,0,0,0,0,1,1,0,0,0,0,0,0,0,0,0,0,0,0,0,0,0,0,0,0,0,0,0,0,0,0,0,0,0,0,0,0,0,0,0
137,0.632,55.845,26,4,8,7.83,1.83,6,126,14.0067,7,2,15,14.48,3.04,0,92,12.0107,6,2,14,11.22,2.56,0,77,0,0,0,0,0,0,0,0,0,0,0,0,0,0,0,0,0,0,0,0,0,0,0,0,0,0,0,0,0,0,0,0,0,0,0,0,0,0,0,0,0,0,0,0,0,0,0,1,0,0,0,0,0,1,0,0,0,1,0,0,0,0,0,0,0,0,0,0,0,0,0,0,0,0,0,0,0,0,0,0,0,0,0,0,1,0,0,0,0,0
138,0.79,58.933,27,4,9,7.81,1.88,7,125,12.0107,6,2,14,11.22,2.56,0,77,14.0067,7,2,15,14.48,3.04,0,92,0,0,0,0,0,0,0,0,0,0,0,0,0,0,0,0,0,0,0,0,0,0,0,0,0,0,0,0,0,0,0,0,0,0,0,0,0,0,0,0,1,0,0,0,0,0,0,1,0,1,0,0,0,1,1,0,0,1,0,0,0,0,0,0,0,0,0,0,0,0,0,0,0,0,0,0,0,0,0,0,0,0,0,0,1,0,0,0,0,0
139,0.723,35.453,17,3,17,12.96,3.16,0,99,55.845,26,4,8,7.83,1.83,6,126,65.38,30,4,12,9.35,1.65,10,138,14.0067,7,2,15,14.48,3.04,0,92,12.0107,6,2,14,11.22,2.56,0,77,16,8,2,16,13.56,3.44,0,48,32.065,16,3,16,10.31,2.58,0,127,0,0,0,0,0,0,0,0,0,0,0,0,0,0,0,1,0,0,0,0,1,1,1,0,1,0,0,0,0,0,0,0,0,0,0,0,0,0,0,0,0,0,0,0,0,0,0,0,0,0,0,0,0,0,0,0,0,0
140,0.7,12.0107,6,2,14,11.22,2.56,0,77,14.0067,7,2,15,14.48,3.04,0,92,55.845,26,4,8,7.83,1.83,6,126,30.9737,15,3,15,10.3,2.19,0,128,0,0,0,0,0,0,0,0,0,0,0,0,0,0,0,0,0,0,0,0,0,0,0,0,0,0,0,0,0,0,0,0,0,1,0,1,0,1,0,1,0,0,0,0,1,1,0,0,0,0,0,0,0,0,0,0,0,0,0,0,0,0,0,0,0,0,0,0,0,0,0,0,0,0,0,0,1,0,0,0,0,0
141,0.74,12.0107,6,2,14,11.22,2.56,0,77,55.845,26,4,8,7.83,1.83,6,126,14.0067,7,2,15,14.48,3.04,0,92,0,0,0,0,0,0,0,0,0,0,0,0,0,0,0,0,0,0,0,0,0,0,0,0,0,0,0,0,0,0,0,0,0,0,0,0,0,0,0,0,1,0,0,0,0,1,0,0,0,0,0,0,0,0,0,0,0,0,0,0,0,0,0,0,0,0,0,0,0,1,0,0,0,0,0,0,0,0,0,0,0,0,0,0,0,0,0,0,0,0
142,0.79,12.0107,6,2,14,11.22,2.56,0,77,55.845,26,4,8,7.83,1.83,6,126,14.0067,7,2,15,14.48,3.04,0,92,118.71,50,5,14,7.37,1.96,10,162,16,8,2,16,13.56,3.44,0,48,32.065,16,3,16,10.31,2.58,0,127,0,0,0,0,0,0,0,0,0,0,0,0,0,0,0,0,1,1,0,0,0,0,0,1,1,0,0,0,0,0,0,0,0,0,0,0,0,0,0,0,0,0,0,0,0,0,0,0,0,0,0,0,0,0,0,0,0,0,0,0,1,0,1,0,0,0
143,0.72,12.0107,6,2,14,11.22,2.56,0,77,14.0067,7,2,15,14.48,3.04,0,92,0,0,0,0,0,0,0,0,0,0,0,0,0,0,0,0,0,0,0,0,0,0,0,0,0,0,0,0,0,0,0,0,0,0,0,0,0,0,0,0,0,0,0,0,0,0,0,0,0,1,0,0,0,0,0,0,0,0,0,0,0,0,0,0,0,0,0,0,0,0,0,0,0,0,0,0,0,1,0,0,0,0,0,0,0,0,0,0,0,1,0,0,1,0,0,0,0,0
144,0.714,12.0107,6,2,14,11.22,2.56,0,77,55.845,26,4,8,7.83,1.83,6,126,14.0067,7,2,15,14.48,3.04,0,92,0,0,0,0,0,0,0,0,0,0,0,0,0,0,0,0,0,0,0,0,0,0,0,0,0,0,0,0,0,0,0,0,0,0,0,0,0,0,0,0,1,0,0,0,0,0,0,1,1,1,0,0,0,1,0,0,0,0,0,0,0,0,0,0,0,0,0,0,0,0,0,0,0,0,0,0,0,0,0,0,0,0,0,0,1,0,0,0,0,0
145,0.79,58.933,27,4,9,7.81,1.88,7,125,55.845,26,4,8,7.83,1.83,6,126,12.0107,6,2,14,11.22,2.56,0,77,14.0067,7,2,15,14.48,3.04,0,92,0,0,0,0,0,0,0,0,0,0,0,0,0,0,0,0,0,0,0,0,0,0,0,0,0,0,0,0,0,0,0,0,1,1,0,0,0,0,0,1,0,0,0,0,0,0,0,0,0,0,0,0,0,0,0,0,0,0,0,0,0,0,0,0,0,0,0,0,0,0,0,0,0,0,0,0,0,0,0,0,0,0
146,0.754,12.0107,6,2,14,11.22,2.56,0,77,55.845,26,4,8,7.83,1.83,6,126,14.0067,7,2,15,14.48,3.04,0,92,0,0,0,0,0,0,0,0,0,0,0,0,0,0,0,0,0,0,0,0,0,0,0,0,0,0,0,0,0,0,0,0,0,0,0,0,0,0,0,0,0,0,0,0,0,0,0,1,0,0,0,0,0,0,1,0,0,0,0,0,0,0,0,0,0,0,0,0,0,0,0,0,0,0,0,0,0,0,0,0,0,0,0,0,0,0,0,0,0,0
147,0.81,12.0107,6,2,14,11.22,2.56,0,77,55.845,26,4,8,7.83,1.83,6,126,14.0067,7,2,15,14.48,3.04,0,92,16,8,2,16,13.56,3.44,0,48,0,0,0,0,0,0,0,0,0,0,0,0,0,0,0,0,0,0,0,0,0,0,0,0,0,0,0,0,0,0,0,0,0,0,0,0,0,1,0,1,0,1,0,0,0,0,0,1,0,0,0,0,0,0,0,0,0,0,0,0,0,0,0,0,0,0,0,0,0,0,0,0,0,1,0,0,0,0,0,0,1,0
148,0.78,12.0107,6,2,14,11.22,2.56,0,77,55.845,26,4,8,7.83,1.83,6,126,14.0067,7,2,15,14.48,3.04,0,92,0,0,0,0,0,0,0,0,0,0,0,0,0,0,0,0,0,0,0,0,0,0,0,0,0,0,0,0,0,0,0,0,0,0,0,0,0,0,0,0,0,0,0,0,0,0,0,0,0,0,0,0,0,1,0,0,0,0,0,0,0,0,0,0,0,0,0,0,0,0,0,0,0,0,0,0,0,0,0,0,0,1,0,0,0,0,0,0,0,0
149,0.725,12.0107,6,2,14,11.22,2.56,0,77,63.546,29,4,11,7.69,1.9,10,128,55.845,26,4,8,7.83,1.83,6,126,14.0067,7,2,15,14.48,3.04,0,92,18.9984,9,2,17,18.6,3.98,0,73,0,0,0,0,0,0,0,0,0,0,0,0,0,0,0,0,0,0,0,0,0,0,0,0,0,0,1,0,0,0,0,1,0,0,0,0,0,0,0,0,0,0,0,0,0,0,0,0,0,0,0,0,0,0,0,0,0,0,0,0,0,0,0,0,0,0,0,0,0,0,0,0,0,0
150,0.85,12.0107,6,2,14,11.22,2.56,0,77,14.0067,7,2,15,14.48,3.04,0,92,16,8,2,16,13.56,3.44,0,48,30.9737,15,3,15,10.3,2.19,0,128,0,0,0,0,0,0,0,0,0,0,0,0,0,0,0,0,0,0,0,0,0,0,0,0,0,0,0,0,0,0,0,0,1,0,0,0,0,0,0,0,0,1,0,0,0,0,0,0,0,0,0,0,0,0,0,0,0,0,0,0,0,0,0,0,1,0,0,0,0,0,0,0,0,0,0,0,1,0,0,0,0,0
151,0.73,12.0107,6,2,14,11.22,2.56,0,77,14.0067,7,2,15,14.48,3.04,0,92,0,0,0,0,0,0,0,0,0,0,0,0,0,0,0,0,0,0,0,0,0,0,0,0,0,0,0,0,0,0,0,0,0,0,0,0,0,0,0,0,0,0,0,0,0,0,0,0,1,1,0,1,0,0,0,0,0,0,0,0,0,1,0,0,1,0,0,0,0,0,0,0,0,0,0,0,0,0,0,0,1,0,0,0,0,0,0,0,0,1,0,0,0,0,1,0,0,0
152,0.784,12.0107,6,2,14,11.22,2.56,0,77,32.065,16,3,16,10.31,2.58,0,127,55.845,26,4,8,7.83,1.83,6,126,14.0067,7,2,15,14.48,3.04,0,92,0,0,0,0,0,0,0,0,0,0,0,0,0,0,0,0,0,0,0,0,0,0,0,0,0,0,0,0,0,0,0,0,1,0,0,0,0,0,0,1,0,0,0,0,0,0,0,1,0,0,0,0,0,0,0,0,0,0,0,0,0,0,0,0,0,0,0,0,0,0,0,0,0,0,0,0,1,0,0,0,0,0
153,0.79,12.0107,6,2,14,11.22,2.56,0,77,58.933,27,4,9,7.81,1.88,7,125,14.0067,7,2,15,14.48,3.04,0,92,65.38,30,4,12,9.35,1.65,10,138,0,0,0,0,0,0,0,0,0,0,0,0,0,0,0,0,0,0,0,0,0,0,0,0,0,0,0,0,0,0,0,0,0,0,0,0,0,1,0,0,0,0,0,0,0,0,0,1,1,0,0,0,0,0,0,0,0,0,0,0,0,1,0,0,0,0,0,0,0,0,0,0,0,0,0,0,0,0,0,0,0,0
154,0.81,12.0107,6,2,14,11.22,2.56,0,77,65.38,30,4,12,9.35,1.65,10,138,55.845,26,4,8,7.83,1.83,6,126,14.0067,7,2,15,14.48,3.04,0,92,0,0,0,0,0,0,0,0,0,0,0,0,0,0,0,0,0,0,0,0,0,0,0,0,0,0,0,0,0,0,0,0,0,0,0,0,0,0,0,1,0,0,0,0,1,0,1,1,0,0,0,0,0,0,0,0,0,0,0,0,0,0,0,0,0,0,0,0,0,0,0,0,0,0,0,0,0,0,0,0,0,0
155,0.78,55.845,26,4,8,7.83,1.83,6,126,14.0067,7,2,15,14.48,3.04,0,92,12.0107,6,2,14,11.22,2.56,0,77,0,0,0,0,0,0,0,0,0,0,0,0,0,0,0,0,0,0,0,0,0,0,0,0,0,0,0,0,0,0,0,0,0,0,0,0,0,0,0,0,0,0,0,0,0,1,0,0,0,0,0,0,0,0,0,1,0,0,0,0,0,0,0,0,0,0,0,0,0,0,0,0,0,0,0,0,0,0,0,0,0,0,0,0,0,0,0,0,0,0
156,0.69,12.0107,6,2,14,11.22,2.56,0,77,14.0067,7,2,15,14.48,3.04,0,92,58.933,27,4,9,7.81,1.88,7,125,0,0,0,0,0,0,0,0,0,0,0,0,0,0,0,0,0,0,0,0,0,0,0,0,0,0,0,0,0,0,0,0,0,0,0,0,0,0,0,0,0,0,0,0,0,1,0,0,0,0,0,0,0,0,0,0,0,0,0,0,0,0,0,0,0,0,0,0,0,1,0,0,0,0,0,0,0,0,0,0,0,0,0,0,1,0,0,0,0,0
157,0.72,12.0107,6,2,14,11.22,2.56,0,77,54.938,25,4,7,7.4,1.56,5,127,14.0067,7,2,15,14.48,3.04,0,92,0,0,0,0,0,0,0,0,0,0,0,0,0,0,0,0,0,0,0,0,0,0,0,0,0,0,0,0,0,0,0,0,0,0,0,0,0,0,0,0,0,1,1,0,0,0,0,1,0,0,0,0,0,0,0,0,0,0,0,0,0,0,0,0,0,0,0,0,0,0,0,0,0,0,0,0,0,0,0,0,0,0,0,0,0,0,0,0,0,0
158,0.83,12.0107,6,2,14,11.22,2.56,0,77,14.0067,7,2,15,14.48,3.04,0,92,55.845,26,4,8,7.83,1.83,6,126,0,0,0,0,0,0,0,0,0,0,0,0,0,0,0,0,0,0,0,0,0,0,0,0,0,0,0,0,0,0,0,0,0,0,0,0,0,0,0,0,0,0,0,0,0,0,0,0,0,0,0,0,0,1,0,0,0,1,0,0,0,0,0,0,0,1,0,0,0,0,0,0,0,0,0,0,0,0,0,0,0,0,0,0,1,0,0,0,0,0
159,0.71,12.0107,6,2,14,11.22,2.56,0,77,58.933,27,4,9,7.81,1.88,7,125,14.0067,7,2,15,14.48,3.04,0,92,0,0,0,0,0,0,0,0,0,0,0,0,0,0,0,0,0,0,0,0,0,0,0,0,0,0,0,0,0,0,0,0,0,0,0,0,0,0,0,0,1,1,0,1,0,0,0,0,0,0,0,0,0,0,0,1,1,0,0,0,0,0,0,0,0,0,0,0,0,0,0,0,0,0,0,0,0,0,0,0,0,0,0,0,0,0,0,0,0,0
160,0.86,12.0107,6,2,14,11.22,2.56,0,77,55.845,26,4,8,7.83,1.83,6,126,14.0067,7,2,15,14.48,3.04,0,92,0,0,0,0,0,0,0,0,0,0,0,0,0,0,0,0,0,0,0,0,0,0,0,0,0,0,0,0,0,0,0,0,0,0,0,0,0,0,0,0,0,0,0,1,0,1,0,0,0,0,0,0,1,1,0,0,0,0,0,0,0,0,0,0,0,0,0,0,0,0,0,0,0,0,0,0,0,0,0,0,0,0,0,0,0,0,0,0,0,0
161,0.77,12.0107,6,2,14,11.22,2.56,0,77,14.0067,7,2,15,14.48,3.04,0,92,55.845,26,4,8,7.83,1.83,6,126,0,0,0,0,0,0,0,0,0,0,0,0,0,0,0,0,0,0,0,0,0,0,0,0,0,0,0,0,0,0,0,0,0,0,0,0,0,0,0,0,0,0,0,1,0,0,0,1,0,0,0,0,0,0,1,1,0,0,0,0,0,0,0,0,0,0,0,0,0,0,0,0,0,0,0,0,0,0,0,0,1,0,0,0,0,0,0,0,0,0
162,0.82,12.0107,6,2,14,11.22,2.56,0,77,63.546,29,4,11,7.69,1.9,10,128,55.845,26,4,8,7.83,1.83,6,126,14.0067,7,2,15,14.48,3.04,0,92,0,0,0,0,0,0,0,0,0,0,0,0,0,0,0,0,0,0,0,0,0,0,0,0,0,0,0,0,0,0,0,0,1,0,0,1,0,1,0,0,0,0,0,0,0,0,0,0,0,0,0,0,0,0,0,0,0,0,0,0,0,0,0,0,0,0,0,0,0,0,0,0,0,0,0,0,0,0,0,0,0,0
163,0.672,12.0107,6,2,14,11.22,2.56,0,77,58.933,27,4,9,7.81,1.88,7,125,55.845,26,4,8,7.83,1.83,6,126,14.0067,7,2,15,14.48,3.04,0,92,16,8,2,16,13.56,3.44,0,48,0,0,0,0,0,0,0,0,0,0,0,0,0,0,0,0,0,0,0,0,0,0,0,0,0,0,0,0,0,0,0,1,0,0,0,0,0,0,1,0,0,0,0,0,0,0,0,0,0,0,0,0,0,0,0,0,0,0,0,0,0,0,0,0,0,0,0,0,0,0,0,0,0,0
164,0.89,12.0107,6,2,14,11.22,2.56,0,77,195.084,78,6,10,8.9,2.28,9,139,0,0,0,0,0,0,0,0,0,0,0,0,0,0,0,0,0,0,0,0,0,0,0,0,0,0,0,0,0,0,0,0,0,0,0,0,0,0,0,0,0,0,0,0,0,0,0,0,1,1,0,1,0,0,0,0,0,0,0,0,0,0,0,0,0,0,0,0,0,0,0,0,0,0,0,0,0,0,0,0,0,0,0,0,0,0,0,0,0,0,0,0,0,0,0,0,0,0
165,0.77,12.0107,6,2,14,11.22,2.56,0,77,55.845,26,4,8,7.83,1.83,6,126,14.0067,7,2,15,14.48,3.04,0,92,0,0,0,0,0,0,0,0,0,0,0,0,0,0,0,0,0,0,0,0,0,0,0,0,0,0,0,0,0,0,0,0,0,0,0,0,0,0,0,0,0,0,0,1,0,1,0,1,0,0,0,0,1,0,0,1,0,0,0,0,0,0,0,0,0,0,0,0,0,0,0,0,0,0,0,0,0,0,0,0,0,0,0,0,1,0,0,0,1,0
166,0.874,12.0107,6,2,14,11.22,2.56,0,77,55.845,26,4,8,7.83,1.83,6,126,14.0067,7,2,15,14.48,3.04,0,92,0,0,0,0,0,0,0,0,0,0,0,0,0,0,0,0,0,0,0,0,0,0,0,0,0,0,0,0,0,0,0,0,0,0,0,0,0,0,0,0,0,0,0,0,0,0,0,1,0,0,0,0,0,0,0,1,0,0,0,0,0,0,0,0,0,0,0,0,0,0,0,0,0,0,0,0,0,0,0,0,0,0,0,0,0,0,0,0,0,0
167,0.69,12.0107,6,2,14,11.22,2.56,0,77,16,8,2,16,13.56,3.44,0,48,28.0855,14,3,14,8.12,1.9,0,132,14.0067,7,2,15,14.48,3.04,0,92,0,0,0,0,0,0,0,0,0,0,0,0,0,0,0,0,0,0,0,0,0,0,0,0,0,0,0,0,0,0,0,0,0,0,0,0,0,0,0,1,0,1,0,0,1,1,0,0,0,0,0,0,0,0,0,0,0,0,0,0,0,0,0,0,0,0,0,0,0,0,0,0,0,0,0,0,0,0,0,0,0,0
168,0.74,12.0107,6,2,14,11.22,2.56,0,77,14.0067,7,2,15,14.48,3.04,0,92,102.905,45,5,9,7.7,2.28,8,134,0,0,0,0,0,0,0,0,0,0,0,0,0,0,0,0,0,0,0,0,0,0,0,0,0,0,0,0,0,0,0,0,0,0,0,0,0,0,0,0,0,0,0,0,0,1,0,0,0,0,0,0,0,0,0,0,0,0,0,0,0,0,0,0,0,0,0,0,0,1,0,0,0,0,0,0,0,0,0,0,0,0,0,0,1,0,0,0,0,0
169,0.73,12.0107,6,2,14,11.22,2.56,0,77,54.938,25,4,7,7.4,1.56,5,127,14.0067,7,2,15,14.48,3.04,0,92,0,0,0,0,0,0,0,0,0,0,0,0,0,0,0,0,0,0,0,0,0,0,0,0,0,0,0,0,0,0,0,0,0,0,0,0,0,0,0,0,0,0,1,1,0,1,0,0,0,0,0,0,0,0,1,0,0,0,0,0,0,0,0,0,0,0,0,0,0,0,0,0,0,0,0,0,0,0,0,0,0,0,0,0,1,0,0,0,0,0
170,0.78,12.0107,6,2,14,11.22,2.56,0,77,55.845,26,4,8,7.83,1.83,6,126,14.0067,7,2,15,14.48,3.04,0,92,0,0,0,0,0,0,0,0,0,0,0,0,0,0,0,0,0,0,0,0,0,0,0,0,0,0,0,0,0,0,0,0,0,0,0,0,0,0,0,0,1,0,0,1,0,1,0,0,0,0,0,0,0,0,0,0,0,0,0,0,0,0,0,0,0,0,0,0,0,0,0,0,0,0,0,0,0,0,0,0,0,0,0,0,1,0,0,0,0,0
171,0.806,12.0107,6,2,14,11.22,2.56,0,77,55.845,26,4,8,7.83,1.83,6,126,14.0067,7,2,15,14.48,3.04,0,92,0,0,0,0,0,0,0,0,0,0,0,0,0,0,0,0,0,0,0,0,0,0,0,0,0,0,0,0,0,0,0,0,0,0,0,0,0,0,0,0,1,0,1,0,0,0,0,1,0,0,0,0,0,0,0,0,0,0,0,0,0,0,0,0,0,0,0,0,0,0,0,0,0,0,0,0,0,0,0,0,0,0,0,0,1,0,0,0,0,0
172,0.78,12.0107,6,2,14,11.22,2.56,0,77,55.845,26,4,8,7.83,1.83,6,126,14.0067,7,2,15,14.48,3.04,0,92,65.38,30,4,12,9.35,1.65,10,138,0,0,0,0,0,0,0,0,0,0,0,0,0,0,0,0,0,0,0,0,0,0,0,0,0,0,0,0,0,0,0,0,1,1,0,1,0,1,0,1,0,1,0,0,1,0,0,0,0,0,0,0,0,0,0,0,0,0,0,0,0,0,0,0,0,0,0,0,0,0,0,0,0,0,0,0,1,0,0,0,0,0
173,0.804,12.0107,6,2,14,11.22,2.56,0,77,55.845,26,4,8,7.83,1.83,6,126,16,8,2,16,13.56,3.44,0,48,30.9737,15,3,15,10.3,2.19,0,128,32.065,16,3,16,10.31,2.58,0,127,28.0855,14,3,14,8.12,1.9,0,132,0,0,0,0,0,0,0,0,0,0,0,0,0,0,0,0,0,0,0,0,0,1,0,0,0,0,0,0,0,1,0,0,0,0,0,0,0,0,0,0,0,0,0,0,0,1,0,0,0,0,0,0,0,0,0,0,0,1,0,0,0,0,0,0,0,0
174,0.71,12.0107,6,2,14,11.22,2.56,0,77,55.845,26,4,8,7.83,1.83,6,126,0,0,0,0,0,0,0,0,0,0,0,0,0,0,0,0,0,0,0,0,0,0,0,0,0,0,0,0,0,0,0,0,0,0,0,0,0,0,0,0,0,0,0,0,0,0,0,0,1,1,0,1,0,0,0,1,1,0,0,0,1,0,0,0,0,0,0,0,0,0,0,0,0,0,0,0,0,0,0,0,1,0,0,0,0,0,0,1,0,0,0,0,0,0,0,0,0,0
175,0.837,12.0107,6,2,14,11.22,2.56,0,77,55.845,26,4,8,7.83,1.83,6,126,14.0067,7,2,15,14.48,3.04,0,92,0,0,0,0,0,0,0,0,0,0,0,0,0,0,0,0,0,0,0,0,0,0,0,0,0,0,0,0,0,0,0,0,0,0,0,0,0,0,0,0,1,0,1,0,0,1,0,0,0,0,0,0,0,0,0,1,0,0,0,0,0,0,0,0,0,0,0,0,0,1,0,0,0,0,0,0,0,0,0,0,0,0,0,0,0,0,0,0,0,0
176,0.81,10.811,5,2,13,8.33,2.04,0,98,12.0107,6,2,14,11.22,2.56,0,77,55.845,26,4,8,7.83,1.83,6,126,14.0067,7,2,15,14.48,3.04,0,92,0,0,0,0,0,0,0,0,0,0,0,0,0,0,0,0,0,0,0,0,0,0,0,0,0,0,0,0,0,0,0,0,0,0,0,1,0,1,0,1,0,0,0,0,0,1,0,1,1,0,0,0,0,0,0,0,0,0,0,0,0,0,0,0,0,0,0,0,0,0,0,1,0,0,0,0,0,0,0,0,0,0
177,0.801,12.0107,6,2,14,11.22,2.56,0,77,55.845,26,4,8,7.83,1.83,6,126,14.0067,7,2,15,14.48,3.04,0,92,0,0,0,0,0,0,0,0,0,0,0,0,0,0,0,0,0,0,0,0,0,0,0,0,0,0,0,0,0,0,0,0,0,0,0,0,0,0,0,0,0,0,0,1,0,1,0,1,0,1,0,0,0,1,0,0,0,0,0,0,0,0,0,0,0,0,0,0,0,1,0,0,1,0,0,0,0,0,0,0,0,0,0,0,0,0,0,0,0,0
178,0.601,58.933,27,4,9,7.81,1.88,7,125,95.94,42,5,6,7.35,2.16,5,139,78.96,34,4,16,9.5,2.55,10,140,0,0,0,0,0,0,0,0,0,0,0,0,0,0,0,0,0,0,0,0,0,0,0,0,0,0,0,0,0,0,0,0,0,0,0,0,0,0,0,0,0,0,0,0,0,0,0,0,0,0,0,0,0,0,0,0,0,0,0,0,0,0,0,0,0,0,0,0,0,0,0,0,0,0,0,0,0,0,0,0,0,0,0,0,0,0,0,0,0,0
179,0.78,12.0107,6,2,14,11.22,2.56,0,77,55.845,26,4,8,7.83,1.83,6,126,14.0067,7,2,15,14.48,3.04,0,92,0,0,0,0,0,0,0,0,0,0,0,0,0,0,0,0,0,0,0,0,0,0,0,0,0,0,0,0,0,0,0,0,0,0,0,0,0,0,0,0,0,0,0,0,0,0,0,0,0,0,0,0,0,1,0,0,0,0,0,0,0,0,0,0,0,0,0,0,0,0,0,0,0,0,0,0,0,0,0,0,0,0,0,0,1,0,0,0,0,0
180,0.82,12.0107,6,2,14,11.22,2.56,0,77,55.845,26,4,8,7.83,1.83,6,126,30.9737,15,3,15,10.3,2.19,0,128,14.0067,7,2,15,14.48,3.04,0,92,0,0,0,0,0,0,0,0,0,0,0,0,0,0,0,0,0,0,0,0,0,0,0,0,0,0,0,0,0,0,0,0,0,0,0,1,0,0,0,0,0,0,0,0,0,0,0,0,0,0,0,0,0,0,0,0,0,0,0,0,0,0,0,0,1,0,0,0,1,1,0,0,0,0,0,0,0,0,0,0,0,0
181,0.834,12.0107,6,2,14,11.22,2.56,0,77,55.845,26,4,8,7.83,1.83,6,126,14.0067,7,2,15,14.48,3.04,0,92,0,0,0,0,0,0,0,0,0,0,0,0,0,0,0,0,0,0,0,0,0,0,0,0,0,0,0,0,0,0,0,0,0,0,0,0,0,0,0,0,1,0,0,1,0,0,0,0,0,0,0,0,0,0,0,1,0,0,0,0,0,0,0,0,0,0,0,0,0,1,0,0,0,0,0,0,0,0,0,0,0,0,0,0,0,0,0,0,0,0
182,0.76,12.0107,6,2,14,11.22,2.56,0,77,58.933,27,4,9,7.81,1.88,7,125,95.94,42,5,6,7.35,2.16,5,139,14.0067,7,2,15,14.48,3.04,0,92,0,0,0,0,0,0,0,0,0,0,0,0,0,0,0,0,0,0,0,0,0,0,0,0,0,0,0,0,0,0,0,0,1,0,0,0,0,0,0,0,0,0,0,0,0,0,0,1,0,0,0,0,0,0,0,0,0,0,0,0,0,0,0,0,0,0,0,0,0,0,0,0,0,0,0,0,1,0,0,0,0,0
183,0.68,12.0107,6,2,14,11.22,2.56,0,77,32.065,16,3,16,10.31,2.58,0,127,14.0067,7,2,15,14.48,3.04,0,92,0,0,0,0,0,0,0,0,0,0,0,0,0,0,0,0,0,0,0,0,0,0,0,0,0,0,0,0,0,0,0,0,0,0,0,0,0,0,0,0,0,0,0,1,0,0,0,1,0,1,0,1,0,0,0,0,0,0,0,0,0,0,0,0,0,0,0,1,0,0,0,0,0,0,0,0,0,0,0,0,0,0,0,0,1,0,0,0,1,0
184,0.78,12.0107,6,2,14,11.22,2.56,0,77,55.845,26,4,8,7.83,1.83,6,126,65.38,30,4,12,9.35,1.65,10,138,14.0067,7,2,15,14.48,3.04,0,92,0,0,0,0,0,0,0,0,0,0,0,0,0,0,0,0,0,0,0,0,0,0,0,0,0,0,0,0,0,0,0,0,0,0,0,0,0,1,0,1,0,0,0,0,0,0,0,0,0,0,0,0,0,0,0,0,0,0,0,0,0,0,0,0,0,0,0,0,0,0,0,0,0,0,0,0,0,0,0,0,0,0
185,0.76,12.0107,6,2,14,11.22,2.56,0,77,55.845,26,4,8,7.83,1.83,6,126,14.0067,7,2,15,14.48,3.04,0,92,0,0,0,0,0,0,0,0,0,0,0,0,0,0,0,0,0,0,0,0,0,0,0,0,0,0,0,0,0,0,0,0,0,0,0,0,0,0,0,0,0,0,0,1,0,0,0,0,0,0,0,0,1,1,0,0,0,0,0,0,0,0,0,0,0,0,0,0,0,0,0,0,0,0,0,0,0,0,0,0,0,0,0,0,0,0,0,0,0,0
186,0.634,12.0107,6,2,14,11.22,2.56,0,77,55.845,26,4,8,7.83,1.83,6,126,22.9897,11,3,1,5.12,0.93,0,190,35.453,17,3,17,12.96,3.16,0,99,14.0067,7,2,15,14.48,3.04,0,92,0,0,0,0,0,0,0,0,0,0,0,0,0,0,0,0,0,0,0,0,0,0,0,0,0,0,0,1,0,0,0,1,0,0,0,0,0,1,0,0,0,0,0,0,0,0,0,0,0,0,0,0,0,0,0,0,0,0,0,0,0,0,0,0,0,0,0,0,0,0,0,0,0,0
187,0.79,12.0107,6,2,14,11.22,2.56,0,77,58.933,27,4,9,7.81,1.88,7,125,14.0067,7,2,15,14.48,3.04,0,92,0,0,0,0,0,0,0,0,0,0,0,0,0,0,0,0,0,0,0,0,0,0,0,0,0,0,0,0,0,0,0,0,0,0,0,0,0,0,0,0,0,1,0,0,0,1,0,0,0,0,0,0,1,0,0,1,0,0,0,0,0,0,0,0,0,0,0,0,0,0,0,0,0,0,0,0,0,0,0,0,0,0,0,0,0,0,0,0,0,0
188,0.801,12.0107,6,2,14,11.22,2.56,0,77,63.546,29,4,11,7.69,1.9,10,128,55.845,26,4,8,7.83,1.83,6,126,14.0067,7,2,15,14.48,3.04,0,92,0,0,0,0,0,0,0,0,0,0,0,0,0,0,0,0,0,0,0,0,0,0,0,0,0,0,0,0,0,0,0,0,0,0,0,0,0,0,0,0,0,0,0,1,0,0,0,1,0,0,0,0,0,0,0,0,0,0,0,0,0,0,0,0,0,0,0,0,0,0,0,0,0,0,0,0,0,0,0,0,0,0
189,0.781,12.0107,6,2,14,11.22,2.56,0,77,55.845,26,4,8,7.83,1.83,6,126,54.938,25,4,7,7.4,1.56,5,127,14.0067,7,2,15,14.48,3.04,0,92,0,0,0,0,0,0,0,0,0,0,0,0,0,0,0,0,0,0,0,0,0,0,0,0,0,0,0,0,0,0,0,0,0,0,0,0,0,1,0,0,0,0,0,0,0,0,0,0,0,0,0,0,0,0,0,0,0,0,0,0,0,0,0,0,0,0,0,0,0,0,0,0,0,0,0,0,1,0,0,0,0,0
190,0.767,12.0107,6,2,14,11.22,2.56,0,77,55.845,26,4,8,7.83,1.83,6,126,14.0067,7,2,15,14.48,3.04,0,92,32.065,16,3,16,10.31,2.58,0,127,0,0,0,0,0,0,0,0,0,0,0,0,0,0,0,0,0,0,0,0,0,0,0,0,0,0,0,0,0,0,0,0,0,0,0,1,0,0,0,0,0,0,0,0,0,0,0,1,1,0,0,0,0,0,0,0,0,0,0,0,0,0,0,0,1,0,0,0,0,0,0,0,0,0,0,0,0,0,0,0,0,0
191,0.78,12.0107,6,2,14,11.22,2.56,0,77,58.933,27,4,9,7.81,1.88,7,125,55.845,26,4,8,7.83,1.83,6,126,14.0067,7,2,15,14.48,3.04,0,92,0,0,0,0,0,0,0,0,0,0,0,0,0,0,0,0,0,0,0,0,0,0,0,0,0,0,0,0,0,0,0,0,0,0,0,1,0,0,0,0,0,0,0,0,0,0,0,1,0,0,0,0,0,0,0,0,0,0,0,0,0,0,0,0,1,0,0,0,0,0,0,0,0,0,0,0,0,0,0,0,0,0
192,0.777,12.0107,6,2,14,11.22,2.56,0,77,55.845,26,4,8,7.83,1.83,6,126,47.867,22,4,4,6.81,1.54,2,147,14.0067,7,2,15,14.48,3.04,0,92,0,0,0,0,0,0,0,0,0,0,0,0,0,0,0,0,0,0,0,0,0,0,0,0,0,0,0,0,0,0,0,0,0,0,0,0,0,0,0,0,0,0,0,0,0,0,0,1,0,0,0,0,0,0,0,0,0,0,0,0,0,0,0,1,0,0,0,0,0,0,0,0,0,0,0,0,0,0,0,0,0,0
193,0.64,12.0107,6,2,14,11.22,2.56,0,77,101.07,44,5,8,7.5,2.2,7,134,58.6934,28,4,10,7.61,1.91,8,124,78.96,34,4,16,9.5,2.55,10,140,0,0,0,0,0,0,0,0,0,0,0,0,0,0,0,0,0,0,0,0,0,0,0,0,0,0,0,0,0,0,0,0,0,0,0,1,0,0,0,0,0,0,0,0,0,0,0,0,0,0,0,0,0,0,0,0,0,0,0,0,0,0,0,0,0,0,0,0,0,0,0,0,0,0,1,0,0,0,0,0,0,0
194,0.78,12.0107,6,2,14,11.22,2.56,0,77,55.845,26,4,8,7.83,1.83,6,126,14.0067,7,2,15,14.48,3.04,0,92,0,0,0,0,0,0,0,0,0,0,0,0,0,0,0,0,0,0,0,0,0,0,0,0,0,0,0,0,0,0,0,0,0,0,0,0,0,0,0,0,0,0,0,0,0,0,0,1,0,0,0,0,0,0,0,1,1,0,0,0,0,0,0,0,0,0,0,0,0,0,0,0,0,0,0,0,0,0,0,0,0,0,0,0,0,0,0,0,0,0
195,0.717,12.0107,6,2,14,11.22,2.56,0,77,55.845,26,4,8,7.83,1.83,6,126,14.0067,7,2,15,14.48,3.04,0,92,0,0,0,0,0,0,0,0,0,0,0,0,0,0,0,0,0,0,0,0,0,0,0,0,0,0,0,0,0,0,0,0,0,0,0,0,0,0,0,0,0,0,0,1,0,0,0,0,0,0,0,0,0,0,0,0,0,0,0,0,0,0,0,0,0,0,0,0,0,1,1,0,0,0,0,0,0,0,0,0,0,0,0,0,1,0,0,0,0,0
196,0.78,12.0107,6,2,14,11.22,2.56,0,77,55.845,26,4,8,7.83,1.83,6,126,14.0067,7,2,15,14.48,3.04,0,92,0,0,0,0,0,0,0,0,0,0,0,0,0,0,0,0,0,0,0,0,0,0,0,0,0,0,0,0,0,0,0,0,0,0,0,0,0,0,0,0,1,0,0,1,0,0,0,1,0,1,0,0,1,0,0,1,1,0,0,0,0,0,0,0,0,0,0,0,0,0,0,0,0,0,0,0,0,0,0,0,0,0,0,0,0,0,0,0,0,0
197,0.8,12.0107,6,2,14,11.22,2.56,0,77,54.938,25,4,7,7.4,1.56,5,127,14.0067,7,2,15,14.48,3.04,0,92,0,0,0,0,0,0,0,0,0,0,0,0,0,0,0,0,0,0,0,0,0,0,0,0,0,0,0,0,0,0,0,0,0,0,0,0,0,0,0,0,0,0,0,1,0,1,0,0,0,0,0,0,0,0,0,0,0,0,0,0,0,0,0,0,0,0,0,0,0,0,0,0,0,0,0,0,0,0,0,0,0,0,0,0,1,0,0,0,0,0
198,0.649,12.0107,6,2,14,11.22,2.56,0,77,14.0067,7,2,15,14.48,3.04,0,92,65.38,30,4,12,9.35,1.65,10,138,0,0,0,0,0,0,0,0,0,0,0,0,0,0,0,0,0,0,0,0,0,0,0,0,0,0,0,0,0,0,0,0,0,0,0,0,0,0,0,0,0,0,0,0,0,0,0,0,0,0,0,0,0,0,0,0,1,0,0,0,0,0,0,0,0,1,0,0,0,0,0,0,0,0,0,0,0,0,0,0,0,0,0,0,0,0,0,0,0,0
199,0.664,12.0107,6,2,14,11.22,2.56,0,77,55.845,26,4,8,7.83,1.83,6,126,14.0067,7,2,15,14.48,3.04,0,92,0,0,0,0,0,0,0,0,0,0,0,0,0,0,0,0,0,0,0,0,0,0,0,0,0,0,0,0,0,0,0,0,0,0,0,0,0,0,0,0,1,0,0,1,0,0,0,1,0,0,0,0,1,0,0,1,1,0,0,0,0,0,0,0,0,0,0,0,0,0,0,0,1,0,0,0,0,0,0,0,1,0,0,0,1,0,0,0,0,0
200,0.81,12.0107,6,2,14,11.22,2.56,0,77,55.845,26,4,8,7.83,1.83,6,126,0,0,0,0,0,0,0,0,0,0,0,0,0,0,0,0,0,0,0,0,0,0,0,0,0,0,0,0,0,0,0,0,0,0,0,0,0,0,0,0,0,0,0,0,0,0,0,0,1,0,0,1,0,0,0,1,1,0,0,0,0,0,0,0,0,0,0,0,0,0,0,0,0,0,0,0,0,0,0,0,1,0,0,0,0,0,0,0,1,0,0,0,0,0,0,0,1,0
201,0.75,12.0107,6,2,14,11.22,2.56,0,77,55.845,26,4,8,7.83,1.83,6,126,14.0067,7,2,15,14.48,3.04,0,92,0,0,0,0,0,0,0,0,0,0,0,0,0,0,0,0,0,0,0,0,0,0,0,0,0,0,0,0,0,0,0,0,0,0,0,0,0,0,0,0,0,0,0,1,0,0,0,0,0,0,0,0,0,0,0,0,0,0,0,0,0,0,0,0,0,0,0,0,0,0,0,0,0,0,0,0,0,0,0,0,0,0,0,0,0,0,0,0,0,0
202,0.75,12.0107,6,2,14,11.22,2.56,0,77,106.42,46,5,10,8.3,2.2,10,137,14.0067,7,2,15,14.48,3.04,0,92,0,0,0,0,0,0,0,0,0,0,0,0,0,0,0,0,0,0,0,0,0,0,0,0,0,0,0,0,0,0,0,0,0,0,0,0,0,0,0,0,1,0,0,0,0,0,0,1,0,0,0,0,0,0,0,0,0,0,0,0,0,0,0,0,0,0,0,0,0,0,0,0,0,0,0,0,0,0,0,0,0,0,0,0,0,0,0,0,0,0
203,0.84,12.0107,6,2,14,11.22,2.56,0,77,55.845,26,4,8,7.83,1.83,6,126,14.0067,7,2,15,14.48,3.04,0,92,0,0,0,0,0,0,0,0,0,0,0,0,0,0,0,0,0,0,0,0,0,0,0,0,0,0,0,0,0,0,0,0,0,0,0,0,0,0,0,0,1,1,0,1,0,1,0,1,0,0,0,0,0,0,0,0,0,0,0,0,0,0,0,0,0,0,0,0,0,0,0,0,1,0,0,0,0,0,0,0,0,0,0,0,0,0,0,0,0,0
204,0.739,12.0107,6,2,14,11.22,2.56,0,77,14.0067,7,2,15,14.48,3.04,0,92,58.933,27,4,9,7.81,1.88,7,125,55.845,26,4,8,7.83,1.83,6,126,0,0,0,0,0,0,0,0,0,0,0,0,0,0,0,0,0,0,0,0,0,0,0,0,0,0,0,0,0,0,0,0,1,1,0,1,0,0,0,1,1,0,1,0,1,0,0,0,0,0,0,0,0,0,0,0,1,0,0,0,0,0,0,0,1,0,0,0,0,0,0,0,1,0,0,0,1,0,0,0,0,0
205,0.85,195.084,78,6,10,8.9,2.28,9,139,14.0067,7,2,15,14.48,3.04,0,92,12.0107,6,2,14,11.22,2.56,0,77,0,0,0,0,0,0,0,0,0,0,0,0,0,0,0,0,0,0,0,0,0,0,0,0,0,0,0,0,0,0,0,0,0,0,0,0,0,0,0,0,1,1,0,0,0,0,0,0,0,0,0,0,0,0,0,0,1,0,0,0,0,0,0,0,0,0,0,0,0,0,0,0,0,0,0,0,0,0,0,0,0,0,0,0,0,0,0,0,0,0
206,0.79,12.0107,6,2,14,11.22,2.56,0,77,14.0067,7,2,15,14.48,3.04,0,92,55.845,26,4,8,7.83,1.83,6,126,0,0,0,0,0,0,0,0,0,0,0,0,0,0,0,0,0,0,0,0,0,0,0,0,0,0,0,0,0,0,0,0,0,0,0,0,0,0,0,0,0,0,0,1,0,0,0,1,0,0,0,1,0,0,0,0,0,0,0,0,0,0,0,0,0,0,0,0,0,1,0,0,1,0,0,0,0,0,0,0,0,0,0,0,1,0,0,0,0,0
207,0.83,12.0107,6,2,14,11.22,2.56,0,77,55.845,26,4,8,7.83,1.83,6,126,14.0067,7,2,15,14.48,3.04,0,92,0,0,0,0,0,0,0,0,0,0,0,0,0,0,0,0,0,0,0,0,0,0,0,0,0,0,0,0,0,0,0,0,0,0,0,0,0,0,0,0,0,1,0,0,0,1,0,1,0,0,0,0,0,0,0,1,0,0,0,0,0,0,0,0,0,0,0,0,0,0,0,0,0,0,0,0,0,0,0,0,0,0,0,0,0,0,0,0,0,0
208,0.72,12.0107,6,2,14,11.22,2.56,0,77,14.0067,7,2,15,14.48,3.04,0,92,44.956,21,4,3,6.57,1.36,1,162,0,0,0,0,0,0,0,0,0,0,0,0,0,0,0,0,0,0,0,0,0,0,0,0,0,0,0,0,0,0,0,0,0,0,0,0,0,0,0,0,0,0,0,0,0,0,0,0,0,0,0,0,0,0,0,0,0,0,0,0,0,0,0,0,0,0,0,0,0,1,0,0,0,0,0,0,0,0,0,0,0,0,0,0,1,0,0,0,0,0
209,0.77,12.0107,6,2,14,11.22,2.56,0,77,14.0067,7,2,15,14.48,3.04,0,92,55.845,26,4,8,7.83,1.83,6,126,0,0,0,0,0,0,0,0,0,0,0,0,0,0,0,0,0,0,0,0,0,0,0,0,0,0,0,0,0,0,0,0,0,0,0,0,0,0,0,0,1,0,0,0,0,0,0,0,0,0,0,0,0,0,0,1,0,0,0,0,0,0,0,0,0,0,0,0,0,1,0,0,0,0,0,0,0,0,0,0,0,0,0,0,0,0,0,0,0,0
210,0.781,12.0107,6,2,14,11.22,2.56,0,77,55.845,26,4,8,7.83,1.83,6,126,65.38,30,4,12,9.35,1.65,10,138,0,0,0,0,0,0,0,0,0,0,0,0,0,0,0,0,0,0,0,0,0,0,0,0,0,0,0,0,0,0,0,0,0,0,0,0,0,0,0,0,0,1,0,1,1,0,0,0,0,0,0,0,0,0,0,1,1,0,0,0,0,0,0,0,0,0,0,0,0,0,0,0,1,0,0,0,0,0,0,0,0,0,0,0,0,0,0,0,0,0
211,0.87,106.42,46,5,10,8.3,2.2,10,137,12.0107,6,2,14,11.22,2.56,0,77,58.6934,28,4,10,7.61,1.91,8,124,0,0,0,0,0,0,0,0,0,0,0,0,0,0,0,0,0,0,0,0,0,0,0,0,0,0,0,0,0,0,0,0,0,0,0,0,0,0,0,0,1,0,0,0,0,0,0,0,1,0,1,1,0,0,0,0,0,0,0,0,0,0,0,0,0,0,0,0,0,0,0,0,0,0,0,0,0,0,0,0,0,1,0,0,1,0,0,0,0,0
212,0.76,12.0107,6,2,14,11.22,2.56,0,77,14.0067,7,2,15,14.48,3.04,0,92,0,0,0,0,0,0,0,0,0,0,0,0,0,0,0,0,0,0,0,0,0,0,0,0,0,0,0,0,0,0,0,0,0,0,0,0,0,0,0,0,0,0,0,0,0,0,0,0,0,1,0,0,0,0,0,1,0,1,0,0,0,0,0,1,0,0,0,0,0,0,0,0,0,0,0,0,0,0,0,0,0,0,0,0,0,0,0,0,0,0,0,0,0,0,0,0,0,0
213,0.74,10.811,5,2,13,8.33,2.04,0,98,12.0107,6,2,14,11.22,2.56,0,77,55.845,26,4,8,7.83,1.83,6,126,14.0067,7,2,15,14.48,3.04,0,92,0,0,0,0,0,0,0,0,0,0,0,0,0,0,0,0,0,0,0,0,0,0,0,0,0,0,0,0,0,0,0,0,0,0,1,1,0,0,0,0,0,1,0,0,0,0,0,1,0,0,0,0,0,0,0,0,0,0,0,0,0,0,0,0,0,0,0,0,0,0,0,0,0,0,0,0,0,0,0,0,0,0
214,0.84,12.0107,6,2,14,11.22,2.56,0,77,14.0067,7,2,15,14.48,3.04,0,92,195.084,78,6,10,8.9,2.28,9,139,0,0,0,0,0,0,0,0,0,0,0,0,0,0,0,0,0,0,0,0,0,0,0,0,0,0,0,0,0,0,0,0,0,0,0,0,0,0,0,0,1,0,0,1,0,0,0,0,0,0,0,0,0,1,0,0,0,0,0,0,0,0,0,0,0,0,0,0,0,1,0,0,0,0,0,0,0,0,0,0,0,0,0,0,1,0,0,0,0,0
215,0.78,12.0107,6,2,14,11.22,2.56,0,77,55.845,26,4,8,7.83,1.83,6,126,14.0067,7,2,15,14.48,3.04,0,92,32.065,16,3,16,10.31,2.58,0,127,0,0,0,0,0,0,0,0,0,0,0,0,0,0,0,0,0,0,0,0,0,0,0,0,0,0,0,0,0,0,0,0,0,1,0,1,0,1,0,1,0,0,0,0,1,1,0,0,0,0,0,0,0,0,0,0,0,0,0,0,0,0,0,0,0,0,0,0,0,0,0,0,0,0,0,0,0,0,0,0,0,0
216,0.803,12.0107,6,2,14,11.22,2.56,0,77,55.845,26,4,8,7.83,1.83,6,126,14.0067,7,2,15,14.48,3.04,0,92,0,0,0,0,0,0,0,0,0,0,0,0,0,0,0,0,0,0,0,0,0,0,0,0,0,0,0,0,0,0,0,0,0,0,0,0,0,0,0,0,0,0,0,1,0,0,0,1,0,1,0,0,1,0,0,0,0,0,0,0,0,0,0,0,0,0,0,0,0,0,0,0,0,1,0,0,0,0,1,0,0,0,0,0,0,0,0,0,0,0
217,0.75,58.933,27,4,9,7.81,1.88,7,125,55.845,26,4,8,7.83,1.83,6,126,14.0067,7,2,15,14.48,3.04,0,92,12.0107,6,2,14,11.22,2.56,0,77,0,0,0,0,0,0,0,0,0,0,0,0,0,0,0,0,0,0,0,0,0,0,0,0,0,0,0,0,0,0,0,0,0,0,0,0,0,0,0,0,0,0,0,0,1,1,0,0,0,0,0,0,0,0,0,0,0,0,0,0,0,0,0,0,0,0,0,0,0,0,0,0,0,0,0,0,0,0,0,0,0,0
218,0.792,12.0107,6,2,14,11.22,2.56,0,77,58.933,27,4,9,7.81,1.88,7,125,14.0067,7,2,15,14.48,3.04,0,92,0,0,0,0,0,0,0,0,0,0,0,0,0,0,0,0,0,0,0,0,0,0,0,0,0,0,0,0,0,0,0,0,0,0,0,0,0,0,0,0,0,0,0,0,0,0,0,0,0,0,0,0,0,0,0,1,0,0,0,0,0,0,0,0,0,0,0,0,0,0,0,0,0,0,0,0,0,0,0,0,0,1,0,0,0,0,0,0,0,0
219,0.667,12.0107,6,2,14,11.22,2.56,0,77,58.933,27,4,9,7.81,1.88,7,125,78.96,34,4,16,9.5,2.55,10,140,14.0067,7,2,15,14.48,3.04,0,92,0,0,0,0,0,0,0,0,0,0,0,0,0,0,0,0,0,0,0,0,0,0,0,0,0,0,0,0,0,0,0,0,0,0,0,0,0,0,0,0,0,0,0,0,0,0,0,0,0,0,0,0,0,0,0,0,0,0,0,0,0,0,0,0,0,0,0,0,0,0,0,0,0,0,0,0,0,0,0,0,1,0
220,0.8,12.0107,6,2,14,11.22,2.56,0,77,16,8,2,16,13.56,3.44,0,48,14.0067,7,2,15,14.48,3.04,0,92,55.845,26,4,8,7.83,1.83,6,126,0,0,0,0,0,0,0,0,0,0,0,0,0,0,0,0,0,0,0,0,0,0,0,0,0,0,0,0,0,0,0,0,0,0,0,0,0,0,0,1,1,1,0,0,0,0,0,1,0,0,0,0,0,0,0,0,0,0,0,0,0,0,0,0,0,0,0,0,0,0,0,0,0,0,0,0,0,0,0,0,0,0
221,0.805,12.0107,6,2,14,11.22,2.56,0,77,14.0067,7,2,15,14.48,3.04,0,92,65.38,30,4,12,9.35,1.65,10,138,32.065,16,3,16,10.31,2.58,0,127,0,0,0,0,0,0,0,0,0,0,0,0,0,0,0,0,0,0,0,0,0,0,0,0,0,0,0,0,0,0,0,0,0,0,0,1,0,0,0,0,0,0,0,0,0,0,1,0,0,0,0,0,0,0,0,0,0,0,0,0,0,1,0,0,0,0,0,0,0,0,0,0,0,0,0,0,0,0,0,0,0,0
222,0.73,12.0107,6,2,14,11.22,2.56,0,77,55.845,26,4,8,7.83,1.83,6,126,14.0067,7,2,15,14.48,3.04,0,92,0,0,0,0,0,0,0,0,0,0,0,0,0,0,0,0,0,0,0,0,0,0,0,0,0,0,0,0,0,0,0,0,0,0,0,0,0,0,0,0,1,1,1,0,0,0,0,1,0,1,0,0,0,0,0,0,0,0,0,0,0,0,0,0,0,0,0,0,0,0,1,0,0,0,0,0,0,0,0,0,0,0,0,0,0,0,0,0,0,0
223,0.8,12.0107,6,2,14,11.22,2.56,0,77,55.845,26,4,8,7.83,1.83,6,126,14.0067,7,2,15,14.48,3.04,0,92,30.9737,15,3,15,10.3,2.19,0,128,0,0,0,0,0,0,0,0,0,0,0,0,0,0,0,0,0,0,0,0,0,0,0,0,0,0,0,0,0,0,0,0,0,0,0,1,0,0,0,0,0,0,0,0,1,0,0,0,0,0,0,0,0,0,0,0,0,0,0,0,0,0,0,0,0,0,0,0,0,0,0,0,0,0,0,0,0,0,0,0,0,0
